Player,gp,passing att,passing completions,passing yards,passing yards/game,passing tds,passing interceptions,passer rating,rushing attempts,rushing yards,rushing yards per attempt,rushing tds,targets,receptions,receiving yards,receiving yards per game,receiving yards per reception,receiving tds,fumbles,fpts,fppg
Josh Allen QB  BUF,17,488,334,3717,218.6,30,13,100.2,125,611,4.9,11,,,,,,,4,419.1,24.7
Lamar Jackson QB  BAL,17,406,269,3365,197.9,33,11,107.6,107,604,5.6,3,,,,,,,4,378.7,22.3
Dak Prescott QB  DAL,17,614,401,4432,260.7,33,12,96.4,51,173,3.4,2,,,,,,,2,375.2,22.1
Trevor Lawrence QB  JAC,17,537,326,3845,226.2,31,15,90.1,77,330,4.3,6,,,,,,,3,371.3,21.8
Jayden Daniels QB  WAS,17,463,292,3418,201.1,26,12,93.3,140,746,5.3,5,,,,,,,2,367.1,21.6
Brock Purdy QB  SF,17,559,380,4130,242.9,30,16,95.5,81,350,4.3,5,,,,,,,5,365.8,21.5
Jalen Hurts QB  PHI,17,471,303,3377,198.6,26,6,98.7,118,490,4.2,8,,,,,,,4,365.6,21.5
Joe Burrow QB  CIN,17,621,409,4264,250.8,34,14,94.4,32,165,5.2,1,,,,,,,1,364.7,21.5
Caleb Williams QB  CHI,17,580,339,3907,229.8,30,10,88.9,79,402,5.1,2,,,,,,,2,362.1,21.3
Drake Maye QB  NE,17,474,326,3844,226.1,28,11,103.2,101,514,5.1,4,,,,,,,6,362,21.3
Patrick Mahomes QB  KC,17,568,354,3687,216.9,29,12,89.3,71,437,6.2,4,,,,,,,1,360.7,21.2
Jaxson Dart QB  NYG,17,509,316,3519,207,26,14,88.2,99,531,5.4,7,,,,,,,2,358.7,21.1
Matthew Stafford QB  LAR,17,539,343,4048,238.1,34,7,102,27,38,1.4,0,,,,,,,2,352.6,20.7
Justin Herbert QB  LAC,17,527,352,3772,221.9,28,13,95,83,517,6.2,2,,,,,,,2,350.6,20.6
Jared Goff QB  DET,17,526,367,4249,249.9,34,10,107.5,21,45,2.1,0,,,,,,,4,350,20.6
Baker Mayfield QB  TB,17,555,356,3949,232.3,29,15,91.3,59,398,6.8,2,,,,,,,3,346.1,20.4
Daniel Jones QB  IND,17,519,333,3846,226.2,30,11,96.9,52,167,3.2,3,,,,,,,3,338.3,19.9
Sam Darnold QB  SEA,17,498,339,4131,243,32,13,103.9,48,145,3,0,,,,,,,6,332.3,19.5
Kyler Murray QB  MIN,17,479,313,3478,204.6,28,20,88.9,83,492,5.9,4,,,,,,,4,329.6,19.4
Malik Willis QB  MIA,17,460,312,3101,182.4,25,17,89.4,145,725,5,5,,,,,,,6,328.4,19.3
Bo Nix QB  DEN,17,574,363,3507,206.3,27,10,88.7,73,306,4.2,3,,,,,,,1,328,19.3
Tyler Shough QB  NO,17,558,372,4013,236.1,24,14,91.5,75,328,4.4,4,,,,,,,4,324.1,19.1
C.J. Stroud QB  HOU,17,572,352,3924,230.8,28,12,89.5,55,249,4.5,1,,,,,,,3,323.6,19
Jordan Love QB  GB,17,475,310,3692,217.2,29,10,100.4,53,215,4.1,1,,,,,,,2,323.2,19
Bryce Young QB  CAR,17,515,332,3383,199,26,14,88.7,61,283,4.6,4,,,,,,,2,309.8,18.2
Jacoby Brissett QB  ARI,17,586,377,3773,221.9,24,12,87.6,56,255,4.6,2,,,,,,,6,295.1,17.4
Cam Ward QB  TEN,17,561,331,3341,196.5,24,10,82.9,37,148,4,3,,,,,,,6,276.3,16.3
Geno Smith QB  NYJ,17,492,310,2944,173.2,25,16,82.9,58,255,4.4,1,,,,,,,1,264.5,15.6
Aaron Rodgers QB  PIT,17,477,301,3035,178.5,22,9,88.7,21,68,3.2,1,,,,,,,2,244.3,14.4
Deshaun Watson QB  CLE,17,429,257,2652,156,17,11,80.3,60,256,4.3,2,,,,,,,5,212.9,12.5
Fernando Mendoza QB  LV,17,419,280,2608,153.4,18,16,82.1,51,257,5,1,,,,,,,2,206.9,12.2
Michael Penix Jr. QB  ATL,17,315,192,2155,126.8,15,6,89.3,22,66,3,1,,,,,,,2,171.6,10.1
Tua Tagovailoa QB  ATL,17,210,128,1436,84.5,10,4,89.3,11,24,2.2,0,,,,,,,1,110.7,6.5
Kirk Cousins QB  LV,17,102,69,666,39.2,5,4,85.7,7,9,1.3,0,,,,,,,1,49.1,2.9
Shedeur Sanders QB  CLE,17,107,64,663,39,4,3,78.5,10,65,6.5,0,,,,,,,1,48.4,2.8
Ty Simpson QB  LAR,17,60,38,450,26.5,4,1,101.4,7,32,4.6,0,,,,,,,0,43.3,2.5
Marcus Mariota QB  WAS,17,46,29,342,20.1,3,1,98.3,1,6,6,0,,,,,,,0,32.5,1.9
Quinn Ewers QB  MIA,17,19,13,124,7.3,1,1,81.9,4,19,4.8,0,,,,,,,0,18.9,1.1
Joe Milton III QB  DAL,17,25,16,181,10.6,1,0,98.9,5,21,4.2,0,,,,,,,0,17.7,1
Davis Mills QB  HOU,17,23,14,160,9.4,1,0,96.3,5,19,3.8,0,,,,,,,0,16.9,1
Joshua Dobbs QB  DET,17,22,16,180,10.6,1,0,111.9,5,9,1.8,0,,,,,,,0,16.7,1
Jarrett Stidham QB  DEN,17,24,15,143,8.4,1,0,92.9,5,19,3.8,0,,,,,,,0,16.5,1
Shane Buechele QB  BUF,17,20,14,151,8.9,1,0,108.5,4,20,5,0,,,,,,,0,16.5,1
Will Levis QB  TEN,17,23,14,136,8,1,0,91.9,4,19,4.8,0,,,,,,,0,16.5,1
Desmond Ridder QB  GB,17,19,13,151,8.9,1,0,109.8,5,21,4.2,0,,,,,,,0,16.5,1
Tyson Bagent QB  CHI,17,21,14,158,9.3,1,0,104.9,5,14,2.8,0,,,,,,,0,15.9,0.9
Gardner Minshew QB  ARI,17,24,15,154,9.1,1,0,94.8,4,16,4,0,,,,,,,0,15.9,0.9
Mason Rudolph QB  PIT,17,21,13,135,7.9,1,0,96.3,4,17,4.3,0,,,,,,,0,15.9,0.9
Tyler Huntley QB  BAL,17,17,11,133,7.8,1,0,108.2,5,28,5.6,0,,,,,,,0,15.9,0.9
Spencer Rattler QB  NO,17,23,15,160,9.4,1,1,81.8,4,17,4.3,0,,,,,,,0,14.9,0.9
Riley Leonard QB  IND,17,22,14,161,9.5,1,0,100.8,5,20,4,0,,,,,,,1,14.9,0.9
Mac Jones QB  SF,17,23,15,167,9.8,1,1,83.1,5,18,3.6,0,,,,,,,0,14.9,0.9
Drew Lock QB  SEA,17,20,13,159,9.4,1,1,85.2,5,21,4.2,0,,,,,,,0,14.9,0.9
Mitch Trubisky QB  TEN,17,23,12,123,7.2,1,0,82.3,4,7,1.8,0,,,,,,,0,14.9,0.9
Tanner McKee QB  PHI,17,19,12,129,7.6,1,0,100.5,5,16,3.2,0,,,,,,,0,14.9,0.9
Jake Browning QB  TB,17,23,14,152,8.9,1,1,76.7,5,26,5.2,0,,,,,,,0,14.5,0.9
Trey Lance QB  LAC,17,22,14,149,8.8,1,1,79.5,4,19,4.8,0,,,,,,,0,14.5,0.9
J.J. McCarthy QB  MIN,17,19,12,137,8.1,1,1,80.4,4,19,4.8,0,,,,,,,0,14.5,0.9
Justin Fields QB  KC,17,23,14,148,8.7,1,1,76,4,21,5.3,0,,,,,,,0,14.5,0.9
Chris Oladokun QB  KC,17,23,14,148,8.7,1,0,94.1,4,18,4.5,0,,,,,,,1,14.5,0.9
Andy Dalton QB  PHI,17,19,13,140,8.2,1,0,107.3,5,23,4.6,0,,,,,,,1,14.5,0.9
Adrian Martinez QB  SF,17,16,11,115,6.8,1,0,110.2,3,7,2.3,0,,,,,,,0,14.5,0.9
Garrett Nussmeier QB  KC,17,17,11,111,6.5,1,0,102.8,2,8,4,0,,,,,,,0,14.5,0.9
Nick Mullens QB  JAC,17,15,11,102,6,1,0,113.7,5,4,0.8,0,,,,,,,0,14.5,0.9
Behren Morton QB  NE,17,15,10,118,6.9,1,0,112.6,2,9,4.5,0,,,,,,,0,14.5,0.9
Cole Payton QB  PHI,17,14,9,105,6.2,1,0,110.7,2,10,5,0,,,,,,,0,14.5,0.9
Carson Beck QB  ARI,17,18,12,115,6.8,1,0,102.8,2,7,3.5,0,,,,,,,0,14.5,0.9
Jalen Milroe QB  SEA,17,11,7,90,5.3,1,0,119.5,5,15,3,0,,,,,,,0,14.1,0.8
Drew Allar QB  PIT,17,16,10,101,5.9,1,0,101.3,2,8,4,0,,,,,,,0,14.1,0.8
Cade Klubnik QB  NYJ,17,15,10,90,5.3,1,0,104.9,2,9,4.5,0,,,,,,,0,14.1,0.8
Kyle Allen QB  BUF,17,15,8,96,5.6,1,0,95.4,3,2,0.7,0,,,,,,,0,14.1,0.8
Will Howard QB  PIT,17,16,10,101,5.9,1,0,101.3,2,8,4,0,,,,,,,0,14.1,0.8
Kenny Pickett QB  CAR,17,21,13,135,7.9,1,1,76.5,4,22,5.5,0,,,,,,,0,13.9,0.8
Brady Cook QB  NYJ,17,20,13,120,7.1,1,1,77.1,4,21,5.3,0,,,,,,,0,13.9,0.8
Joe Flacco QB  CIN,17,25,17,174,10.2,1,1,84.4,4,16,4,0,,,,,,,1,12.7,0.7
Jameis Winston QB  NYG,17,21,13,144,8.5,1,1,78.3,5,22,4.4,0,,,,,,,1,12.5,0.7
Anthony Richardson QB  IND,2,16,10,109,54.5,1,0,103.4,5,20,4,0,,,,,,,0,10,5
Jahmyr Gibbs RB  DET,17,,,,,,,,262,1353,5.2,15,91,74,625,36.8,8.5,5,1,387.5,22.8
Bijan Robinson RB  ATL,17,,,,,,,,289,1402,4.9,9,91,72,701,41.2,9.7,4,2,355.1,20.9
Jonathan Taylor RB  IND,17,,,,,,,,356,1578,4.4,15,53,42,345,20.3,8.2,2,2,330.4,19.4
De'Von Achane RB  MIA,17,,,,,,,,229,1131,4.9,7,92,75,550,32.4,7.3,6,1,317.6,18.7
Christian McCaffrey RB  SF,17,,,,,,,,256,1009,3.9,8,93,74,679,39.9,9.2,5,1,316.6,18.6
Chase Brown RB  CIN,17,,,,,,,,236,1008,4.3,9,91,72,471,27.7,6.5,5,1,300.2,17.7
Derrick Henry RB  BAL,17,,,,,,,,304,1654,5.4,15,23,17,171,10.1,10.1,1,2,290.9,17.1
James Cook RB  BUF,17,,,,,,,,288,1437,5,9,39,32,274,16.1,8.6,2,3,262,15.4
Saquon Barkley RB  PHI,17,,,,,,,,306,1376,4.5,7,55,40,313,18.4,7.8,2,1,258.6,15.2
Kenneth Walker III RB  KC,17,,,,,,,,249,1160,4.7,8,55,47,361,21.2,7.7,0,1,244.3,14.4
Kyren Williams RB  LAR,17,,,,,,,,235,1113,4.7,10,44,34,250,14.7,7.4,3,2,242.3,14.3
Ashton Jeanty RB  LV,17,,,,,,,,229,876,3.8,8,65,49,300,17.6,6.1,5,1,240.6,14.2
Travis Etienne RB  NO,17,,,,,,,,251,988,3.9,5,65,47,358,21.1,7.6,5,1,239.3,14.1
Cam Skattebo RB  NYG,17,,,,,,,,208,907,4.4,9,55,41,352,20.7,8.6,4,2,239.1,14.1
Bucky Irving RB  TB,17,,,,,,,,265,1028,3.9,6,51,44,401,23.6,9.1,3,1,237.1,13.9
D'Andre Swift RB  CHI,17,,,,,,,,248,1120,4.5,9,48,36,325,19.1,9,1,1,236.8,13.9
Omarion Hampton RB  LAC,17,,,,,,,,220,891,4.1,10,53,47,299,17.6,6.4,2,1,234.3,13.8
Jeremiyah Love RB  ARI,17,,,,,,,,211,997,4.7,8,56,43,382,22.5,8.9,2,3,233,13.7
Josh Jacobs RB  GB,17,,,,,,,,263,1008,3.8,11,40,32,253,14.9,7.9,1,1,226.1,13.3
Breece Hall RB  NYJ,17,,,,,,,,224,1014,4.5,6,53,40,370,21.8,9.3,2,2,220,12.9
Quinshon Judkins RB  CLE,17,,,,,,,,277,975,3.5,10,51,37,243,14.3,6.6,0,1,215.7,12.7
Javonte Williams RB  DAL,17,,,,,,,,234,1089,4.7,10,42,29,141,8.3,4.9,1,2,213.5,12.6
David Montgomery RB  HOU,17,,,,,,,,263,1012,3.9,9,31,27,211,12.4,7.8,0,2,197.7,11.6
Bhayshul Tuten RB  JAC,17,,,,,,,,224,890,4,11,22,16,128,7.5,8,3,3,194.5,11.4
Jadarian Price RB  SEA,17,,,,,,,,229,980,4.3,9,27,21,222,13.1,10.6,1,3,194,11.4
Kenneth Gainwell RB  TB,17,,,,,,,,123,536,4.4,4,71,60,439,25.8,7.3,2,1,189.2,11.1
Rico Dowdle RB  PIT,17,,,,,,,,191,834,4.4,7,46,36,253,14.9,7,1,1,189.1,11.1
RJ Harvey RB  DEN,17,,,,,,,,149,530,3.6,6,56,45,332,19.5,7.4,4,1,188,11.1
Jaylen Warren RB  PIT,17,,,,,,,,194,837,4.3,5,46,40,317,18.6,7.9,1,1,187.9,11.1
TreVeyon Henderson RB  NE,17,,,,,,,,189,884,4.7,7,40,33,207,12.2,6.3,1,1,187.8,11
Tony Pollard RB  TEN,17,,,,,,,,227,993,4.4,6,43,34,215,12.6,6.3,0,3,183,10.8
Rhamondre Stevenson RB  NE,17,,,,,,,,169,694,4.1,7,40,33,332,19.5,10.1,2,3,181.3,10.7
J.K. Dobbins RB  DEN,17,,,,,,,,249,1137,4.6,7,26,21,77,4.5,3.7,0,1,181.1,10.7
Jonathon Brooks RB  CAR,17,,,,,,,,214,878,4.1,7,29,24,200,11.8,8.3,1,2,173.4,10.2
Chuba Hubbard RB  CAR,17,,,,,,,,166,711,4.3,5,44,34,211,12.4,6.2,3,1,170.1,10
Aaron Jones RB  MIN,17,,,,,,,,157,662,4.2,3,53,38,290,17.1,7.6,2,1,159.5,9.4
Kyle Monangai RB  CHI,17,,,,,,,,206,854,4.2,5,37,23,208,12.2,9,0,1,156.4,9.2
Jordan Mason RB  MIN,17,,,,,,,,195,906,4.7,7,21,18,82,4.8,4.6,0,1,156,9.2
Rachaad White RB  WAS,17,,,,,,,,145,710,4.9,6,28,25,167,9.8,6.7,1,1,150,8.8
Jacory Croskey-Merritt RB  WAS,17,,,,,,,,180,859,4.8,8,13,9,71,4.2,7.9,0,2,145.9,8.6
Tyjae Spears RB  TEN,17,,,,,,,,93,348,3.7,4,56,50,327,19.2,6.5,1,1,144.3,8.5
Tyrone Tracy Jr. RB  NYG,17,,,,,,,,134,567,4.2,3,41,31,241,14.2,7.8,2,1,138.9,8.2
Mike Washington Jr. RB  LV,17,,,,,,,,164,612,3.7,4,36,27,227,13.4,8.4,1,2,136.3,8
MarShawn Lloyd RB  GB,17,,,,,,,,182,747,4.1,6,15,12,112,6.6,9.3,1,2,133.7,7.9
Dylan Sampson RB  CLE,17,,,,,,,,105,290,2.8,2,53,44,351,20.6,8,3,2,132.9,7.8
Blake Corum RB  LAR,17,,,,,,,,162,822,5.1,6,8,6,35,2.1,5.8,0,1,127,7.5
Woody Marks RB  HOU,17,,,,,,,,150,560,3.7,3,32,21,177,10.4,8.4,3,1,126.4,7.4
Zach Charbonnet RB  SEA,17,,,,,,,,127,507,4,7,25,20,161,9.5,8.1,0,1,124.6,7.3
Isiah Pacheco RB  DET,17,,,,,,,,148,618,4.2,3,35,26,156,9.2,6,1,1,124.5,7.3
James Conner RB  ARI,17,,,,,,,,85,307,3.6,3,42,36,276,16.2,7.7,2,0,123.8,7.3
Jordan James RB  SF,17,,,,,,,,126,494,3.9,4,31,24,232,13.6,9.7,1,2,121.4,7.1
Chris Rodriguez Jr. RB  JAC,17,,,,,,,,177,694,3.9,8,3,2,23,1.4,11.5,0,1,120.3,7.1
Braelon Allen RB  NYJ,17,,,,,,,,141,550,3.9,6,21,15,111,6.5,7.4,1,3,116,6.8
Kaelon Black RB  SF,17,,,,,,,,152,594,3.9,5,17,13,127,7.5,9.8,1,2,114.9,6.8
Alvin Kamara RB  NO,16,,,,,,,,117,441,3.8,3,39,31,228,14.3,7.4,0,1,112.6,7
Adam Randall RB  BAL,17,,,,,,,,81,442,5.5,3,23,18,189,11.1,10.5,2,1,108.9,6.4
Justice Hill RB  BAL,17,,,,,,,,64,324,5.1,3,32,26,218,12.8,8.4,2,0,108.7,6.4
Tyler Allgeier RB  ARI,17,,,,,,,,126,466,3.7,6,17,16,96,5.6,6,0,1,105.1,6.2
Ty Johnson RB  BUF,17,,,,,,,,53,225,4.3,2,33,24,280,16.5,11.7,3,0,103.3,6.1
Tank Bigsby RB  PHI,17,,,,,,,,126,649,5.2,5,6,4,35,2.1,8.8,0,1,102,6
Emari Demercado RB  KC,17,,,,,,,,100,599,6,2,25,17,131,7.7,7.7,1,3,100.6,5.9
AJ Dillon RB  CAR,17,,,,,,,,121,532,4.4,3,20,18,146,8.6,8.1,1,5,98.4,5.8
Malik Davis RB  DAL,17,,,,,,,,116,554,4.8,4,17,9,75,4.4,8.3,0,1,93.3,5.5
Jawhar Jordan RB  HOU,17,,,,,,,,90,382,4.2,2,27,22,172,10.1,7.8,1,1,92.4,5.4
Emanuel Wilson RB  SEA,17,,,,,,,,129,533,4.1,3,17,14,94,5.5,6.7,0,1,91.9,5.4
Samaje Perine RB  CIN,17,,,,,,,,96,443,4.6,4,22,17,132,7.8,7.8,0,3,91.3,5.4
Brian Robinson Jr. RB  ATL,17,,,,,,,,119,529,4.5,4,6,4,23,1.4,5.8,0,1,83,4.9
Kimani Vidal RB  LAC,17,,,,,,,,87,332,3.8,2,22,16,145,8.5,9.1,1,0,80,4.7
Keaton Mitchell RB  LAC,17,,,,,,,,108,473,4.4,2,14,11,72,4.2,6.6,0,1,74.8,4.4
Najee Harris RB  NYG,17,,,,,,,,80,352,4.4,3,12,9,75,4.4,8.3,0,0,68.9,4.1
Kyle Juszczyk FB  SF,17,,,,,,,,4,2,0.5,0,33,27,254,14.9,9.4,2,0,66.1,3.9
Brashard Smith RB  KC,17,,,,,,,,50,179,3.6,1,30,21,142,8.4,6.8,1,0,63.7,3.7
Jaylen Wright RB  MIA,17,,,,,,,,104,384,3.7,2,12,7,49,2.9,7,0,2,57.8,3.4
Christopher Brooks RB  GB,17,,,,,,,,57,254,4.5,1,13,10,69,4.1,6.9,0,0,47.7,2.8
LeQuint Allen RB  JAC,17,,,,,,,,56,218,3.9,1,9,9,50,2.9,5.6,0,0,40.8,2.4
Devin Neal RB  NO,17,,,,,,,,46,180,3.9,2,7,5,35,2.1,7,0,0,39.4,2.3
Jerome Ford RB  WAS,17,,,,,,,,35,194,5.5,1,10,8,46,2.7,5.8,0,0,38.1,2.2
Trayveon Williams RB  DET,17,,,,,,,,32,138,4.3,1,11,9,77,4.5,8.6,0,0,36.6,2.2
Isaiah Davis RB  NYJ,17,,,,,,,,31,171,5.5,1,9,7,61,3.6,8.7,0,0,36.6,2.2
Frank Gore Jr. RB  BUF,17,,,,,,,,37,175,4.7,2,4,3,26,1.5,8.7,0,0,36.3,2.1
Roschon Johnson RB  CHI,17,,,,,,,,34,116,3.4,3,3,3,18,1.1,6,0,0,35.9,2.1
Phil Mafah RB  DAL,17,,,,,,,,32,142,4.4,2,5,4,34,2,8.5,0,0,35.1,2.1
Austin Ekeler RB  WAS,17,,,,,,,,35,150,4.3,1,8,6,61,3.6,10.2,0,0,32.3,1.9
Seth McGowan RB  IND,17,,,,,,,,32,141,4.4,2,3,2,25,1.5,12.5,0,0,32,1.9
Kendre Miller RB  NO,17,,,,,,,,35,140,4,2,2,2,11,0.6,5.5,0,0,31,1.8
Isaac Guerendo RB  SF,17,,,,,,,,33,160,4.9,1,4,4,37,2.2,9.3,0,0,30.7,1.8
Sean Tucker RB  TB,17,,,,,,,,35,145,4.1,2,1,1,6,0.4,6,0,0,30,1.8
Kaytron Allen RB  WAS,17,,,,,,,,35,171,4.9,1,3,2,22,1.3,11,0,0,29.3,1.7
Jeremy McNichols RB  WAS,17,,,,,,,,17,88,5.2,1,9,7,53,3.1,7.6,0,0,28.8,1.7
Ameer Abdullah RB  JAC,17,,,,,,,,17,71,4.2,1,9,8,56,3.3,7,0,0,28.5,1.7
Zavier Scott RB  MIN,17,,,,,,,,29,108,3.7,0,6,6,46,2.7,7.7,1,0,28,1.6
Elijah Mitchell RB  PHI,17,,,,,,,,35,159,4.5,1,3,2,22,1.3,11,0,0,27.6,1.6
Michael Burton FB  CLE,17,,,,,,,,9,10,1.1,1,8,6,40,2.4,6.7,1,0,26.7,1.6
Jam Miller RB  NE,17,,,,,,,,34,145,4.3,1,3,2,25,1.5,12.5,0,0,26,1.5
Andrew Beck FB  NYJ,17,,,,,,,,1,8,8,0,7,5,35,2.1,7,2,0,25.7,1.5
Salvon Ahmed RB  CHI,17,,,,,,,,35,153,4.4,1,2,1,12,0.7,12,0,0,25.6,1.5
Audric Estime RB  NO,17,,,,,,,,30,122,4.1,1,3,3,24,1.4,8,0,0,25.4,1.5
Emmett Johnson RB  KC,17,,,,,,,,30,126,4.2,1,3,3,23,1.4,7.7,0,0,25.4,1.5
Jonah Coleman RB  DEN,17,,,,,,,,32,134,4.2,1,3,3,23,1.4,7.7,0,0,25.4,1.5
Rasheen Ali RB  BAL,17,,,,,,,,13,47,3.6,0,9,7,53,3.1,7.6,1,0,25,1.5
Puka Nacua WR  LAR,17,,,,,,,,15,109,7.3,2,177,129,1699,99.9,13.2,9,1,371.9,21.9
Jaxon Smith-Njigba WR  SEA,17,,,,,,,,7,36,5.1,0,154,111,1620,95.3,14.6,12,1,347.9,20.5
Ja'Marr Chase WR  CIN,17,,,,,,,,3,19,6.3,0,187,128,1551,91.2,12.1,10,1,345,20.3
Amon-Ra St. Brown WR  DET,17,,,,,,,,3,8,2.7,0,162,115,1370,80.6,11.9,11,0,320.3,18.8
Rashee Rice WR  KC,17,,,,,,,,8,34,4.3,2,151,105,1052,61.9,10,13,0,304.1,17.9
George Pickens WR  DAL,17,,,,,,,,1,0,0,0,142,94,1388,81.6,14.8,10,0,291.7,17.2
Drake London WR  ATL,17,,,,,,,,0,0,0,0,153,94,1257,73.9,13.4,12,1,288.1,16.9
Chris Olave WR  NO,17,,,,,,,,1,0,0,0,152,99,1242,73.1,12.6,10,0,283.1,16.7
A.J. Brown WR  NE,17,,,,,,,,0,0,0,0,143,91,1325,77.9,14.6,9,0,275.9,16.2
CeeDee Lamb WR  DAL,17,,,,,,,,5,25,5,0,157,102,1334,78.5,13.1,6,0,274.9,16.2
Justin Jefferson WR  MIN,17,,,,,,,,2,6,3,0,146,91,1269,74.6,14,7,0,262.1,15.4
Nico Collins WR  HOU,17,,,,,,,,2,13,6.5,1,134,82,1232,72.5,15,8,1,259.7,15.3
Zay Flowers WR  BAL,17,,,,,,,,10,60,6,1,118,83,1184,69.6,14.3,8,2,256.9,15.1
Malik Nabers WR  NYG,17,,,,,,,,4,2,0.5,0,130,77,1037,61,13.5,11,0,250,14.7
Tetairoa McMillan WR  CAR,17,,,,,,,,0,0,0,0,141,82,1174,69.1,14.3,8,1,245.3,14.4
Tee Higgins WR  CIN,17,,,,,,,,0,0,0,0,119,74,1034,60.8,14,11,0,242,14.2
DeVonta Smith WR  PHI,17,,,,,,,,0,0,0,0,126,90,1153,67.8,12.8,6,0,239.9,14.1
Garrett Wilson WR  NYJ,17,,,,,,,,1,2,2,0,141,89,956,56.2,10.7,9,1,239.5,14.1
Emeka Egbuka WR  TB,17,,,,,,,,2,10,5,0,143,72,1120,65.9,15.6,8,0,233.8,13.8
Ladd McConkey WR  LAC,17,,,,,,,,0,0,0,0,127,82,1035,60.9,12.6,8,0,232,13.6
Jameson Williams WR  DET,17,,,,,,,,7,39,5.6,1,99,63,1082,63.6,17.2,7,0,223.5,13.1
Mike Evans WR  SF,17,,,,,,,,0,0,0,0,133,76,988,58.1,13,8,0,222.6,13.1
Terry McLaurin WR  WAS,17,,,,,,,,1,1,1,0,98,65,926,54.5,14.3,10,0,220.1,12.9
Luther Burden III WR  CHI,17,,,,,,,,8,32,4,0,101,73,1055,62.1,14.5,6,0,218.7,12.9
Davante Adams WR  LAR,17,,,,,,,,0,0,0,0,128,68,851,50.1,12.5,10,0,213,12.5
Jaylen Waddle WR  DEN,17,,,,,,,,3,25,8.3,0,114,74,995,58.5,13.5,6,0,212.9,12.5
DJ Moore WR  BUF,17,,,,,,,,16,81,5.1,1,109,70,815,47.9,11.6,8,1,209.8,12.3
Marvin Harrison Jr. WR  ARI,17,,,,,,,,0,0,0,0,125,69,997,58.6,14.5,7,0,209.6,12.3
Alec Pierce WR  IND,17,,,,,,,,0,0,0,0,89,49,1067,62.8,21.8,9,0,208.4,12.3
Rome Odunze WR  CHI,17,,,,,,,,1,4,4,0,125,63,916,53.9,14.5,8,0,204.4,12
Courtland Sutton WR  DEN,17,,,,,,,,0,0,0,0,118,70,910,53.5,13,7,0,202.1,11.9
Brian Thomas Jr. WR  JAC,17,,,,,,,,4,30,7.5,1,106,61,942,55.4,15.4,6,0,200.8,11.8
Parker Washington WR  JAC,17,,,,,,,,7,2,0.3,0,101,62,925,54.4,14.9,7,0,199.1,11.7
Chris Godwin WR  TB,17,,,,,,,,1,1,1,0,108,75,842,49.5,11.2,6,0,197.6,11.6
DK Metcalf WR  PIT,17,,,,,,,,2,10,5,1,103,61,893,52.5,14.6,6,0,194.7,11.5
Christian Watson WR  GB,17,,,,,,,,3,13,4.3,0,88,53,898,52.8,16.9,8,0,192.7,11.3
Quentin Johnston WR  LAC,17,,,,,,,,3,7,2.3,0,98,58,787,46.3,13.6,9,1,191.5,11.3
Wan'Dale Robinson WR  TEN,17,,,,,,,,2,6,3,0,127,84,797,46.9,9.5,4,0,189.5,11.1
Michael Wilson WR  ARI,17,,,,,,,,0,2,0,0,106,66,837,49.2,12.7,6,0,188.6,11.1
KC Concepcion WR  CLE,17,,,,,,,,2,10,5,0,115,71,878,51.6,12.4,5,2,187,11
Jakobi Meyers WR  JAC,17,,,,,,,,4,17,4.3,0,102,68,814,47.9,12,5,1,180.2,10.6
Michael Pittman WR  PIT,17,,,,,,,,0,0,0,0,111,77,678,39.9,8.8,6,0,179.3,10.5
Romeo Doubs WR  NE,17,,,,,,,,0,0,0,0,93,61,808,47.5,13.3,6,0,176.9,10.4
Deebo Samuel WR  SF,17,,,,,,,,36,115,3.2,1,92,65,647,38.1,10,5,0,176.2,10.4
Denzel Boston WR  CLE,17,,,,,,,,2,10,5,0,111,69,846,49.8,12.3,4,2,175.6,10.3
Josh Downs WR  IND,17,,,,,,,,2,2,1,0,103,68,711,41.8,10.5,6,1,175,10.3
De'Zhaun Stribling WR  SF,17,,,,,,,,3,13,4.3,0,96,59,852,50.1,14.4,5,2,173.3,10.2
Rashid Shaheed WR  SEA,17,,,,,,,,13,91,7,0,96,57,865,50.9,15.2,4,1,173.2,10.2
Jordan Addison WR  MIN,17,,,,,,,,3,78,26,1,89,50,736,43.3,14.7,6,0,173,10.2
Jerry Jeudy WR  CLE,17,,,,,,,,1,4,4,0,128,66,830,48.8,12.6,4,1,172.9,10.2
Jayden Reed WR  GB,17,,,,,,,,18,147,8.2,0,76,59,696,40.9,11.8,5,0,170.7,10
Stefon Diggs WR  WAS,17,,,,,,,,1,2,2,0,85,68,749,44.1,11,4,0,170.1,10
Jalen Coker WR  CAR,17,,,,,,,,0,0,0,0,79,60,747,43.9,12.5,6,1,167.1,9.8
Calvin Ridley WR  TEN,17,,,,,,,,3,23,7.7,1,99,50,847,49.8,16.9,3,0,161.6,9.5
Xavier Worthy WR  KC,17,,,,,,,,22,146,6.6,1,88,53,644,37.9,12.2,4,0,159.6,9.4
Keenan Allen WR  IND,17,,,,,,,,0,0,0,0,99,62,675,39.7,10.9,5,0,158.3,9.3
Khalil Shakir WR  BUF,17,,,,,,,,1,4,4,0,85,67,648,38.1,9.7,4,1,156.9,9.2
Carnell Tate WR  TEN,17,,,,,,,,2,9,4.5,0,91,56,772,45.4,13.8,4,2,155.8,9.2
Jauan Jennings WR  MIN,17,,,,,,,,0,0,0,0,83,51,629,37,12.3,7,1,153.9,9.1
Ja'Kobi Lane WR  BAL,17,,,,,,,,3,17,5.7,0,71,44,654,38.5,14.9,7,1,152.9,9
Cooper Kupp WR  SEA,17,,,,,,,,1,3,3,0,86,57,698,41.1,12.3,4,1,152,8.9
Troy Franklin WR  DEN,17,,,,,,,,4,11,2.8,0,92,56,589,34.6,10.5,6,1,151.1,8.9
Makai Lemon WR  PHI,17,,,,,,,,3,13,4.3,0,87,53,735,43.2,13.9,4,2,149.4,8.8
Tre Tucker WR  LV,17,,,,,,,,12,52,4.3,0,85,52,605,35.6,11.6,5,0,148.1,8.7
Rashod Bateman WR  BAL,17,,,,,,,,0,0,0,0,72,40,583,34.3,14.6,8,0,145.8,8.6
Tank Dell WR  HOU,17,,,,,,,,12,53,4.4,0,79,50,639,37.6,12.8,4,0,143.5,8.4
Matthew Golden WR  GB,17,,,,,,,,14,66,4.7,0,69,46,670,39.4,14.6,4,0,142.9,8.4
Christian Kirk WR  SF,17,,,,,,,,0,0,0,0,97,55,633,37.2,11.5,4,0,141.9,8.3
Jalen McMillan WR  TB,17,,,,,,,,5,29,5.8,0,66,46,626,36.8,13.6,4,0,135.5,8
Elic Ayomanor WR  TEN,17,,,,,,,,0,0,0,0,84,42,570,33.5,13.6,6,0,134.1,7.9
Antonio Williams WR  WAS,17,,,,,,,,3,15,5,0,73,45,649,38.2,14.4,4,2,132.9,7.8
Kayshon Boutte WR  HOU,17,,,,,,,,0,0,0,0,61,39,584,34.4,15,6,0,132.8,7.8
Jalen Nailor WR  LV,17,,,,,,,,2,7,3.5,0,76,43,568,33.4,13.2,5,0,132.4,7.8
Tory Horton WR  SEA,17,,,,,,,,1,6,6,0,64,39,504,29.6,12.9,7,1,131.6,7.7
Chris Bell WR  MIA,17,,,,,,,,2,11,5.5,0,76,47,582,34.2,12.4,4,1,130.1,7.7
Marquise Brown WR  PHI,17,,,,,,,,0,0,0,0,69,44,546,32.1,12.4,5,0,128.4,7.6
Devaughn Vele WR  NO,17,,,,,,,,0,0,0,0,68,45,591,34.8,13.1,4,0,126.8,7.5
Chimere Dike WR  TEN,17,,,,,,,,10,17,1.7,0,70,45,431,25.4,9.6,6,1,125.8,7.4
Malik Benson WR  LV,17,,,,,,,,2,8,4,0,77,47,551,32.4,11.7,3,1,120.7,7.1
Omar Cooper Jr. WR  NYJ,17,,,,,,,,2,13,6.5,0,72,44,521,30.6,11.8,4,1,120.3,7.1
Darius Slayton WR  NYG,17,,,,,,,,1,5,5,0,70,40,613,36.1,15.3,2,1,114.5,6.7
Xavier Hutchinson WR  HOU,17,,,,,,,,2,16,8,0,78,43,509,29.9,11.8,3,0,113.6,6.7
Germie Bernard WR  PIT,17,,,,,,,,2,10,5,0,68,42,512,30.1,12.2,3,1,112.3,6.6
Jaylin Noel WR  HOU,17,,,,,,,,6,13,2.2,0,57,40,451,26.5,11.3,4,0,111.5,6.6
Jordyn Tyson WR  NO,12,,,,,,,,2,7,3.5,0,65,40,574,47.8,14.4,3,1,110.3,9.2
Malik Washington WR  MIA,17,,,,,,,,14,84,6,1,65,46,349,20.5,7.6,3,1,109.9,6.5
Bub Means WR  NO,17,,,,,,,,1,7,7,0,63,38,519,30.5,13.7,3,1,108.3,6.4
Jahdae Walker WR  CHI,17,,,,,,,,1,7,7,0,52,32,430,25.3,13.4,5,0,107.8,6.3
Tyquan Thornton WR  KC,17,,,,,,,,0,0,0,0,52,27,575,33.8,21.3,4,0,107.1,6.3
Andrei Iosivas WR  CIN,17,,,,,,,,3,11,3.7,0,62,35,470,27.6,13.4,3,0,102.2,6
Ted Hurst WR  TB,17,,,,,,,,2,13,6.5,0,57,35,485,28.5,13.9,3,1,101.9,6
Adonai Mitchell WR  NYJ,17,,,,,,,,2,-1,-0.5,0,77,38,480,28.2,12.6,3,1,101.6,6
Demarcus Robinson WR  SF,17,,,,,,,,1,5,5,0,53,32,459,27,14.3,3,0,99.2,5.8
Dontayvion Wicks WR  PHI,17,,,,,,,,1,5,5,0,64,38,399,23.5,10.5,3,0,98.4,5.8
Ashton Dulin WR  IND,17,,,,,,,,6,66,11,0,49,25,551,32.4,22,2,0,98,5.8
Caleb Douglas WR  MIA,17,,,,,,,,2,11,5.5,0,57,35,433,25.5,12.4,3,1,96.8,5.7
Isaac TeSlaa WR  DET,17,,,,,,,,0,0,0,0,46,27,404,23.8,15,5,0,96.1,5.7
Zavion Thomas WR  CHI,17,,,,,,,,3,13,4.3,0,54,34,456,26.8,13.4,3,2,95.5,5.6
Josh Palmer WR  BUF,17,,,,,,,,0,0,0,0,58,35,479,28.2,13.7,2,0,94.6,5.6
Olamide Zaccheaus WR  ATL,17,,,,,,,,3,17,5.7,0,67,42,364,21.4,8.7,2,0,94,5.5
Trey McBride TE  ARI,17,,,,,,,,,,,,154,115,1135,66.8,9.9,8,0,278.5,16.4
Brock Bowers TE  LV,17,,,,,,,,,,,,119,88,982,57.8,11.2,9,0,242.2,14.2
Harold Fannin Jr. TE  CLE,17,,,,,,,,,,,,129,87,876,51.5,10.1,9,1,235,13.8
Colston Loveland TE  CHI,17,,,,,,,,,,,,126,84,1036,60.9,12.3,8,0,234,13.8
Dallas Goedert TE  PHI,17,,,,,,,,,,,,92,68,717,42.2,10.5,11,0,214.7,12.6
George Kittle TE  SF,17,,,,,,,,,,,,94,77,898,52.8,11.7,8,0,213.4,12.6
Tyler Warren TE  IND,17,,,,,,,,,,,,109,74,905,53.2,12.2,6,0,209.4,12.3
Travis Kelce TE  KC,17,,,,,,,,,,,,110,79,815,47.9,10.3,6,0,198.2,11.7
Sam LaPorta TE  DET,17,,,,,,,,,,,,92,72,910,53.5,12.6,6,0,198.1,11.7
Isaiah Likely TE  NYG,17,,,,,,,,,,,,95,70,897,52.8,12.8,7,2,196.4,11.6
Tucker Kraft TE  GB,17,,,,,,,,,,,,75,54,776,45.6,14.4,10,0,193.8,11.4
Kyle Pitts TE  ATL,17,,,,,,,,,,,,103,75,822,48.4,11,6,0,192.6,11.3
Mark Andrews TE  BAL,17,,,,,,,,,,,,84,60,594,34.9,9.9,10,0,189.2,11.1
Jake Ferguson TE  DAL,17,,,,,,,,,,,,100,78,636,37.4,8.2,7,2,182.2,10.7
Brenton Strange TE  JAC,17,,,,,,,,,,,,95,70,814,47.9,11.6,5,0,179.9,10.6
Dalton Kincaid TE  BUF,17,,,,,,,,,,,,81,60,778,45.8,13,7,0,178.5,10.5
Juwan Johnson TE  NO,17,,,,,,,,,,,,94,71,870,51.2,12.3,4,2,177.7,10.5
Dalton Schultz TE  HOU,17,,,,,,,,,,,,95,71,683,40.2,9.6,4,0,163,9.6
Hunter Henry TE  NE,17,,,,,,,,,,,,83,56,699,41.1,12.5,6,0,161.7,9.5
Cade Otton TE  TB,17,,,,,,,,,,,,94,67,707,41.6,10.6,4,0,160.7,9.5
Greg Dulcich TE  MIA,17,,,,,,,,,,,,78,58,674,39.6,11.6,4,2,144.3,8.5
AJ Barner TE  SEA,17,,,,,,,,,,,,60,47,473,27.8,10.1,7,0,144.2,8.5
Chigoziem Okonkwo TE  WAS,17,,,,,,,,,,,,73,53,629,37,11.9,3,0,137.2,8.1
Kenyon Sadiq TE  NYJ,17,,,,,,,,,,,,70,47,528,31.1,11.2,6,1,133.7,7.9
Oronde Gadsden II TE  LAC,17,,,,,,,,,,,,68,49,689,40.5,14.1,3,1,133,7.8
Darren Waller TE  CAR,17,,,,,,,,,,,,65,46,469,27.6,10.2,6,0,131.2,7.7
T.J. Hockenson TE  MIN,17,,,,,,,,,,,,73,55,516,30.4,9.4,4,0,130,7.6
Pat Freiermuth TE  PIT,17,,,,,,,,,,,,60,46,511,30.1,11.1,5,0,127,7.5
Mason Taylor TE  NYJ,17,,,,,,,,,,,,83,56,461,27.1,8.2,4,0,125.9,7.4
Evan Engram TE  DEN,17,,,,,,,,,,,,84,56,479,28.2,8.6,3,0,124.9,7.3
Mike Gesicki TE  CIN,17,,,,,,,,,,,,69,49,540,31.8,11,3,0,119.7,7
Colby Parkinson TE  LAR,17,,,,,,,,,,,,57,41,435,25.6,10.6,6,1,117.5,6.9
David Njoku TE  LAC,17,,,,,,,,,,,,63,42,404,23.8,9.6,6,0,117.1,6.9
Tyler Higbee TE  LAR,17,,,,,,,,,,,,58,40,499,29.4,12.5,4,0,113.3,6.7
Terrance Ferguson TE  LAR,17,,,,,,,,,,,,58,29,530,31.2,18.3,5,0,111.7,6.6
Theo Johnson TE  NYG,17,,,,,,,,,,,,54,34,390,22.9,11.5,5,0,101.4,6
Gunnar Helm TE  TEN,17,,,,,,,,,,,,55,44,378,22.2,8.6,3,0,99.4,5.8
Dawson Knox TE  BUF,17,,,,,,,,,,,,48,35,401,23.6,11.5,3,0,92.1,5.4
Noah Fant TE  NO,17,,,,,,,,,,,,54,44,423,24.9,9.6,2,3,90.8,5.3
Brock Wright TE  DET,17,,,,,,,,,,,,51,34,303,17.8,8.9,4,0,86.9,5.1
Michael Mayer TE  LV,17,,,,,,,,,,,,58,40,345,20.3,8.6,2,0,86,5.1
Will Kacmarek TE  MIA,17,,,,,,,,,,,,52,35,327,19.2,9.3,3,1,83.3,4.9
Darnell Washington TE  PIT,17,,,,,,,,,,,,49,35,383,22.5,10.9,2,1,82.4,4.8
Jonnu Smith TE  GB,17,,,,,,,,,,,,38,28,252,14.8,9,3,0,82.4,4.8
Charlie Kolar TE  LAC,17,,,,,,,,,,,,36,25,333,19.6,13.3,4,0,81.3,4.8
Marlin Klein TE  HOU,17,,,,,,,,,,,,51,35,349,20.5,10,2,1,79,4.6
Daniel Bellinger TE  TEN,17,,,,,,,,,,,,35,26,332,19.5,12.8,3,0,76.3,4.5
Erick All TE  CIN,17,,,,,,,,,,,,43,35,301,17.7,8.6,2,0,75.9,4.5
Ben Sims TE  MIA,17,,,,,,,,,,,,53,32,304,17.9,9.5,2,0,72.9,4.3
Eli Stowers TE  PHI,17,,,,,,,,,,,,45,31,322,18.9,10.4,2,1,71.6,4.2
Josh Oliver TE  MIN,17,,,,,,,,,,,,28,22,244,14.4,11.1,4,0,69.8,4.1
Davis Allen TE  LAR,17,,,,,,,,,,,,38,26,241,14.2,9.3,3,0,67.8,4
Adam Trautman TE  DEN,17,,,,,,,,,,,,36,27,281,16.5,10.4,2,0,66.2,3.9
Luke Musgrave TE  GB,17,,,,,,,,,,,,34,26,253,14.9,9.7,2,0,61.8,3.6
Cole Kmet TE  CHI,17,,,,,,,,,,,,32,22,229,13.5,10.4,2,0,59.4,3.5
Jeremy Ruckert TE  NYJ,17,,,,,,,,,,,,36,27,196,11.5,7.3,2,0,57.7,3.4
Grant Calcaterra TE  PHI,17,,,,,,,,,,,,30,22,230,13.5,10.5,2,0,56.1,3.3
Eli Raridon TE  NE,17,,,,,,,,,,,,32,22,240,14.1,10.9,2,1,55.8,3.3
Nate Boerkircher TE  JAC,17,,,,,,,,,,,,32,22,240,14.1,10.9,2,1,55.8,3.3
Tommy Tremble TE  CAR,17,,,,,,,,,,,,30,23,202,11.9,8.8,2,0,53.7,3.2
Austin Hooper TE  ATL,17,,,,,,,,,,,,31,23,250,14.7,10.9,1,0,52.8,3.1
John Bates TE  WAS,17,,,,,,,,,,,,31,20,204,12,10.2,2,1,50.4,3
Ja'Tavion Sanders TE  CAR,17,,,,,,,,,,,,31,25,192,11.3,7.7,1,0,49.7,2.9
Elijah Higgins TE  ARI,17,,,,,,,,,,,,28,23,221,13,9.6,1,1,49.1,2.9
Connor Heyward FB  LV,17,,,,,,,,,,,,19,14,102,6,7.3,2,0,48,2.8
Charlie Woerner TE  ATL,17,,,,,,,,,,,,29,23,196,11.5,8.5,1,0,47.7,2.8
Mitchell Evans TE  CAR,17,,,,,,,,,,,,22,16,143,8.4,8.9,2,0,45,2.6
Nate Adkins TE  DEN,17,,,,,,,,,,,,23,16,108,6.4,6.8,3,0,44.6,2.6
Cade Stover TE  HOU,17,,,,,,,,,,,,21,15,122,7.2,8.1,1,0,37.4,2.2
Ben Sinnott TE  WAS,17,,,,,,,,,,,,13,11,122,7.2,11.1,2,0,35.1,2.1
Foster Moreau TE  HOU,17,,,,,,,,,,,,15,11,132,7.8,12,2,0,35.1,2.1
Noah Gray TE  KC,17,,,,,,,,,,,,23,15,139,8.2,9.3,1,0,34.7,2
Jackson Hawes TE  BUF,17,,,,,,,,,,,,12,10,120,7.1,12,2,0,34.1,2
Devin Culp TE  TB,17,,,,,,,,,,,,14,11,118,6.9,10.7,2,0,33.6,2
Luke Schoonmaker TE  DAL,17,,,,,,,,,,,,23,15,133,7.8,8.9,1,0,33.1,1.9
Drew Sample TE  CIN,17,,,,,,,,,,,,16,13,100,5.9,7.7,1,0,31.5,1.9
Hunter Long TE  JAC,17,,,,,,,,,,,,14,10,90,5.3,9,2,0,31.2,1.8
Nick Vannett TE  SEA,17,,,,,,,,,,,,12,10,95,5.6,9.5,2,0,31.2,1.8
Jack Endries TE  CIN,17,,,,,,,,,,,,16,13,123,7.2,9.5,1,0,31.1,1.8
Zack Kuntz TE  DAL,17,,,,,,,,,,,,16,12,128,7.5,10.7,1,0,30.1,1.8
Max Klare TE  LAR,17,,,,,,,,,,,,15,12,127,7.5,10.6,1,0,30.1,1.8
Will Mallory TE  IND,17,,,,,,,,,,,,13,11,125,7.4,11.4,1,0,29.1,1.7
Justin Joly TE  DEN,17,,,,,,,,,,,,15,12,105,6.2,8.8,1,0,28.6,1.7
Teagan Quitoriano TE  ARI,17,,,,,,,,,,,,15,12,109,6.4,9.1,1,0,28.6,1.7
Dallen Bentley TE  DEN,17,,,,,,,,,,,,15,12,105,6.2,8.8,1,0,28.6,1.7
Rivaldo Fairweather TE  ARI,17,,,,,,,,,,,,15,12,109,6.4,9.1,1,0,28.6,1.7
Jake Tonges TE  SF,17,,,,,,,,,,,,16,12,102,6,8.5,1,0,28.6,1.7
Travis Vokolek TE  ARI,17,,,,,,,,,,,,15,12,109,6.4,9.1,1,0,28.6,1.7
Anthony Firkser TE  DET,17,,,,,,,,,,,,15,12,103,6.1,8.6,1,0,28.6,1.7
Hayden Rucci TE  SF,17,,,,,,,,,,,,15,12,118,6.9,9.8,1,0,28.6,1.7
Cam Grandy TE  CIN,17,,,,,,,,,,,,16,13,100,5.9,7.7,1,0,28.2,1.7
Oscar Delp TE  NO,17,,,,,,,,,,,,15,11,116,6.8,10.6,1,0,27.6,1.6
Bauer Sharp TE  TB,17,,,,,,,,,,,,14,11,113,6.6,10.3,1,0,27.6,1.6
Brevyn Spann-Ford TE  DAL,17,,,,,,,,,,,,16,11,106,6.2,9.6,1,0,27.6,1.6
Zaire Mitchell-Paden TE  NO,17,,,,,,,,,,,,15,11,108,6.4,9.8,1,0,27.6,1.6
Lucas Krull TE  DEN,17,,,,,,,,,,,,16,12,89,5.2,7.4,1,0,27.2,1.6
Tanner McLachlan TE  SF,16,,,,,,,,,,,,14,11,111,6.9,10.1,1,0,27,1.7
Tanner Conner TE  NYG,17,,,,,,,,,,,,16,10,113,6.6,11.3,1,0,26.6,1.6
Sam Roush TE  CHI,17,,,,,,,,,,,,13,10,111,6.5,11.1,1,0,26.6,1.6
Elijah Arroyo TE  SEA,17,,,,,,,,,,,,18,10,116,6.8,11.6,1,0,26.6,1.6