"Player","Team","REC","YDS","TDS","ATT","YDS","TDS","FL","FPTS"
" ","","",""
"Puka Nacua","LAR","117.0","1,539.0","9.0","13.6","85.0","1.4","1.0","222.8"
"Ja'Marr Chase","CIN","121.2","1,510.4","10.6","3.0","17.0","0.0","1.0","214.4"
"Jaxon Smith-Njigba","SEA","110.9","1,568.4","9.2","5.5","30.4","0.1","1.1","213.1"
"Amon-Ra St. Brown","DET","117.0","1,390.5","10.5","3.1","11.8","0.0","0.4","202.5"
"Drake London","ATL","101.7","1,328.5","9.4","0.0","0.0","0.0","1.0","187.5"
"CeeDee Lamb","DAL","97.6","1,297.3","7.5","2.4","12.5","0.0","0.3","175.7"
"Rashee Rice","KC","98.8","1,099.0","9.7","5.4","25.5","0.9","0.6","174.6"
"Justin Jefferson","MIN","98.6","1,302.2","6.8","1.3","5.5","0.0","0.3","171.0"
"George Pickens","DAL","82.7","1,202.1","8.4","0.3","-0.3","0.0","0.5","169.6"
"A.J. Brown","NE","88.7","1,234.4","7.6","0.0","0.0","0.0","0.3","168.7"
"Nico Collins","HOU","82.5","1,212.5","7.2","1.4","8.3","0.4","0.8","166.0"
"Chris Olave","NO","94.2","1,169.2","7.8","0.3","0.0","0.0","0.3","163.2"
"Zay Flowers","BAL","81.9","1,168.3","6.5","9.9","58.8","0.5","1.5","161.7"
"Emeka Egbuka","TB","72.9","1,097.1","7.5","1.4","7.3","0.0","0.3","155.0"
"Davante Adams","LAR","68.5","926.1","10.2","0.0","0.0","0.0","0.2","153.5"
"Jameson Williams","DET","64.4","1,065.0","6.6","7.3","42.0","0.5","0.2","152.9"
"Malik Nabers","NYG","78.5","1,047.2","8.0","2.7","7.9","0.0","0.4","152.8"
"Tee Higgins","CIN","70.7","964.8","9.1","0.0","0.0","0.0","0.2","150.7"
"Tetairoa McMillan","CAR","78.5","1,125.1","6.4","0.0","0.0","0.0","0.9","149.3"
"DeVonta Smith","PHI","87.8","1,134.8","6.0","0.0","0.0","0.0","0.3","149.0"
"Rome Odunze","CHI","63.4","980.1","8.1","0.3","1.3","0.0","0.3","146.4"
"Garrett Wilson","NYJ","96.4","1,090.2","6.4","1.1","4.3","0.0","1.0","145.8"
"Alec Pierce","IND","63.8","1,049.7","6.5","0.0","0.0","0.0","0.3","143.6"
"Terry McLaurin","WAS","71.4","980.5","7.6","0.3","0.3","0.0","0.3","142.8"
"DJ Moore","BUF","69.1","899.6","7.0","10.3","54.0","0.5","0.8","138.6"
"Ladd McConkey","LAC","76.9","977.3","6.4","0.0","0.0","0.0","0.3","135.7"
"Luther Burden III","CHI","72.7","972.9","5.7","7.7","38.2","0.1","0.3","135.4"
"Jaylen Waddle","DEN","74.6","983.7","6.0","1.7","12.4","0.0","0.3","135.1"
"Courtland Sutton","DEN","69.4","902.9","7.5","0.0","0.0","0.0","0.2","135.0"
"Christian Watson","GB","56.0","901.0","7.4","1.7","8.0","0.0","0.3","134.8"
"DK Metcalf","PIT","64.2","923.5","6.1","0.7","3.3","0.3","0.2","130.5"
"Marvin Harrison Jr.","ARI","67.3","944.9","6.0","0.0","0.0","0.0","0.3","130.0"
"Mike Evans","SF","64.2","900.7","6.7","0.0","0.0","0.0","0.2","129.6"
"Brian Thomas Jr.","JAC","55.7","838.0","5.3","2.7","18.0","0.4","0.2","119.7"
"Parker Washington","JAC","60.9","844.0","5.4","5.3","13.6","0.1","0.4","117.8"
"Quentin Johnston","LAC","53.6","756.3","6.9","1.7","6.3","0.0","0.7","116.2"
"Jakobi Meyers","JAC","70.6","814.8","5.4","4.7","23.0","0.1","0.8","115.1"
"Carnell Tate","TEN","66.3","902.7","4.5","0.7","3.0","0.0","1.4","115.1"
"Jordan Addison","MIN","55.2","757.8","5.4","2.7","37.1","0.4","0.2","113.7"
"Jayden Reed","GB","62.8","757.3","4.8","12.0","86.6","0.1","0.4","113.2"
"Xavier Worthy","KC","55.2","721.6","4.2","15.5","99.3","0.9","0.2","112.1"
"Michael Pittman Jr.","PIT","80.5","803.4","5.0","0.0","0.0","0.0","0.3","109.5"
"Jordyn Tyson","NO","63.2","856.5","4.3","0.7","3.0","0.0","1.3","109.3"
"Michael Wilson","ARI","67.5","826.3","4.5","0.0","0.7","0.0","0.2","109.1"
"Chris Godwin Jr.","TB","67.8","773.2","5.2","0.3","0.3","0.0","0.3","107.9"
"Rashid Shaheed","SEA","49.9","754.8","3.8","13.4","88.9","0.3","0.8","106.8"
"Wan'Dale Robinson","TEN","83.0","833.8","3.6","2.0","9.5","0.1","0.3","105.9"
"Makai Lemon","PHI","56.8","798.2","4.6","1.5","7.0","0.0","1.3","105.6"
"Deebo Samuel Sr.","SF","54.5","631.9","4.2","29.1","111.7","1.1","0.4","105.1"
"Calvin Ridley","TEN","48.1","784.8","3.3","4.5","27.5","0.6","0.2","104.3"
"Romeo Doubs","NE","56.7","735.1","5.2","0.0","0.0","0.0","0.3","104.2"
"Matthew Golden","GB","54.9","731.0","4.2","5.5","27.3","0.1","0.4","100.9"
"Khalil Shakir","BUF","72.4","748.1","4.2","1.1","5.5","0.0","0.8","99.4"
"Josh Downs","IND","75.9","736.4","4.3","1.4","4.3","0.0","0.8","98.4"
"John Metchie III","CAR","65.0","617.0","6.0","3.0","-4.0","0.0","0.0","97.7"
"Theo Wease Jr.","MIA","48.0","685.0","5.0","2.0","8.0","0.0","1.0","97.3"
"Jalen Coker","CAR","57.6","697.5","4.6","0.0","0.0","0.0","0.8","95.7"
"Rashod Bateman","BAL","38.4","594.5","6.0","0.0","0.0","0.0","0.2","95.0"
"Tre Tucker","LV","50.1","633.7","3.8","11.2","52.9","0.2","0.1","91.9"
"Tank Dell","HOU","50.0","633.0","3.8","10.2","48.8","0.1","0.2","91.4"
"Jerry Jeudy","CLE","54.2","744.8","2.9","0.5","2.0","0.0","0.7","90.3"
"KC Concepcion","CLE","55.6","706.3","3.1","4.2","22.4","0.1","1.3","89.6"
"Jayden Higgins","HOU","49.3","608.3","4.7","0.0","0.0","0.0","0.2","88.7"
"Jalen McMillan","TB","46.7","606.1","3.9","4.7","26.8","0.1","0.2","87.2"
"Jalen Nailor","LV","43.6","589.9","4.5","2.0","8.5","0.0","0.2","86.7"
"Jauan Jennings","MIN","48.7","557.1","5.2","0.0","0.0","0.0","0.7","85.3"
"Adonai Mitchell","NYJ","41.5","610.8","3.5","2.2","11.2","0.1","0.5","83.0"
"Antonio Williams","WAS","44.2","598.5","3.6","3.5","18.7","0.1","1.2","81.4"
"Cooper Kupp","SEA","47.4","583.9","3.4","0.5","1.5","0.0","0.7","77.7"
"Denzel Boston","CLE","48.8","611.1","2.9","1.0","5.0","0.0","0.8","77.4"
"Omar Cooper Jr.","NYJ","46.3","550.4","3.3","2.1","12.5","0.1","1.2","74.1"
"Kayshon Boutte","NE","32.0","486.2","4.2","0.0","0.0","0.0","0.1","73.5"
"Germie Bernard","PIT","44.6","550.8","3.1","2.1","10.8","0.0","0.8","73.5"
"De'Zhaun Stribling","SF","37.6","525.2","3.1","1.5","6.5","0.0","0.7","70.2"
"Travis Hunter","JAC","41.6","496.2","3.3","2.0","10.8","0.1","0.4","70.0"
"Xavier Legette","CAR","41.7","500.5","3.2","2.1","10.8","0.1","0.4","69.9"
"Darnell Mooney","NYG","35.9","526.0","2.7","1.1","6.0","0.0","0.1","69.4"
"Bub Means","NO","38.0","516.0","3.0","1.0","6.0","0.0","1.0","68.2"
"Tyquan Thornton","KC","25.4","465.8","3.5","0.0","0.0","0.0","0.1","67.2"
"Ja'Kobi Lane","BAL","30.4","459.2","3.4","1.5","8.5","0.0","0.6","66.1"
"Darius Slayton","NYG","34.8","512.7","2.5","1.6","8.6","0.0","0.7","65.8"
"Tory Horton","SEA","30.3","401.0","4.2","0.5","3.0","0.0","0.6","64.1"
"Malik Washington","MIA","43.5","390.0","2.3","13.4","80.2","0.7","0.8","63.5"
"Zachariah Branch","ATL","38.3","471.3","2.3","0.0","0.0","0.0","0.4","60.3"
"Troy Franklin","DEN","36.5","395.9","3.4","3.0","10.8","0.0","0.6","60.1"
"Isaac TeSlaa","DET","25.4","351.9","4.1","0.0","0.0","0.0","0.1","59.6"
"Devaughn Vele","NO","35.1","422.8","2.8","0.0","0.0","0.0","0.1","59.1"
"Hollywood Brown","PHI","31.3","389.1","3.3","0.0","0.0","0.0","0.1","58.3"
"Andrei Iosivas","CIN","31.1","393.7","2.9","2.5","11.1","0.0","0.1","57.9"
"Ryan Flournoy","DAL","34.0","383.8","2.7","2.2","12.4","0.1","0.4","55.4"
"Tre' Harris","LAC","34.5","408.4","2.5","0.0","0.0","0.0","0.4","54.9"
"Caleb Douglas","MIA","33.1","418.9","2.3","1.0","5.5","0.0","0.7","54.7"
"Dyami Brown","WAS","29.6","392.1","2.7","0.0","0.0","0.0","0.3","54.6"
"Ashton Dulin","IND","24.1","399.9","1.6","5.1","46.2","0.1","0.1","54.3"
"Chris Bell","MIA","34.2","448.9","1.7","0.0","0.0","0.0","0.4","54.1"
"Jalen Tolbert","MIA","35.4","441.7","1.8","0.0","0.0","0.0","0.3","54.1"
"Ted Hurst III","TB","28.9","389.5","2.6","1.0","6.5","0.0","0.6","53.8"
"Treylon Burks","WAS","28.3","393.6","2.3","0.0","0.0","0.0","0.2","52.6"
"Elic Ayomanor","TEN","23.9","323.0","3.2","0.0","0.0","0.0","0.0","51.5"
"Chimere Dike","TEN","26.1","252.9","3.3","10.1","33.6","0.3","0.6","48.7"
"Jack Bech","LV","34.5","397.8","1.5","0.0","0.0","0.0","0.4","48.0"
"Jahan Dotson","ATL","28.7","358.2","1.9","0.0","0.0","0.0","0.2","46.5"
"Jaylin Noel","HOU","28.8","322.6","1.8","4.2","22.2","0.1","0.3","45.5"
"KaVontae Turpin","DAL","18.2","229.9","1.7","17.7","102.5","0.4","0.4","45.4"
"Christian Kirk","SF","28.6","323.0","2.1","0.0","0.0","0.0","0.0","45.1"
"Savion Williams","GB","23.9","271.5","2.0","9.0","47.0","0.3","0.3","45.1"
"Luke McCaffrey","WAS","20.7","289.4","2.6","0.0","0.0","0.0","0.1","44.3"
"Pat Bryant","DEN","28.4","319.6","2.1","0.0","0.0","0.0","0.3","44.0"
"Joshua Palmer","BUF","25.9","337.2","1.6","0.0","0.0","0.0","0.1","43.3"
"Marvin Mims Jr.","DEN","24.2","272.4","1.6","8.2","45.1","0.3","0.4","42.6"
"Dontayvion Wicks","PHI","24.3","310.0","1.8","0.0","0.0","0.0","0.3","41.2"
"Xavier Hutchinson","HOU","23.2","281.0","1.9","2.1","14.2","0.0","0.1","40.8"
"Calvin Austin III","NYG","20.0","268.2","2.2","0.0","0.0","0.0","0.0","40.1"
"Keon Coleman","BUF","19.4","266.0","2.3","0.0","0.0","0.0","0.2","39.7"
"Elijah Sarratt","BAL","19.5","294.6","1.8","0.0","0.0","0.0","0.2","39.7"
"Olamide Zaccheaus","ATL","30.1","277.1","1.8","1.5","9.5","0.0","0.1","39.4"
"Jahdae Walker","CHI","17.1","225.8","2.7","0.5","3.5","0.0","0.0","38.9"
"DeMario Douglas","NE","22.7","271.1","1.5","4.1","21.4","0.2","0.3","38.6"
"Nick Westbrook-Ikhine","IND","21.7","269.6","2.0","0.0","0.0","0.0","0.2","38.5"
"Jaylin Lane","WAS","22.7","279.2","1.8","0.0","0.0","0.0","0.2","38.1"
"Cedric Tillman","CLE","18.5","234.6","2.1","0.0","-0.5","0.0","0.0","36.0"
"Tutu Atwell","MIA","20.4","291.7","0.5","2.2","11.3","0.1","0.2","33.0"
"Demarcus Robinson","SF","15.5","219.0","1.5","0.5","2.5","0.0","0.0","31.2"
"Kevin Coleman Jr.","MIA","21.1","270.5","0.7","0.0","0.0","0.0","0.2","30.6"
"Cyrus Allen","KC","16.2","202.8","1.3","0.0","0.0","0.0","0.2","27.6"
"Skyler Bell","BUF","15.1","205.5","1.2","0.0","0.0","0.0","0.2","27.5"
"Kendrick Bourne","ARI","22.8","239.4","0.7","0.0","0.0","0.0","0.2","27.5"
"Kalif Raymond","CHI","19.2","187.0","0.9","4.6","27.2","0.2","0.2","27.3"
"Jordan Whittington","LAR","15.0","171.9","1.2","2.3","12.1","0.1","0.2","26.1"
"Bryce Lance","NO","16.4","204.4","0.9","0.0","0.0","0.0","0.2","25.7"
"Devontez Walker","BAL","11.6","166.4","1.2","0.0","0.0","0.0","0.1","23.5"
"Zavion Thomas","CHI","12.5","153.6","1.2","0.0","0.0","0.0","0.1","22.4"
"Odell Beckham Jr.","NYG","13.3","164.3","0.9","0.3","1.4","0.0","0.1","21.8"
"Malachi Fields","NYG","13.2","157.5","0.9","0.0","0.0","0.0","0.1","20.8"
"Isaiah Bond","CLE","9.9","130.1","0.8","4.3","23.5","0.1","0.1","20.5"
"Dont'e Thornton Jr.","LV","12.1","167.6","0.6","0.0","0.0","0.0","0.1","20.1"
"Konata Mumpfield","LAR","9.9","126.7","1.2","0.0","0.0","0.0","0.1","19.4"
"Brenen Thompson","LAC","9.5","121.0","0.7","2.1","11.3","0.1","0.1","17.9"
"Mack Hollins","NE","10.8","126.7","0.8","0.0","0.0","0.0","0.1","17.2"
"KeAndre Lambert-Smith","LAC","9.6","121.0","0.9","0.0","0.0","0.0","0.1","17.0"
"Kyle Williams","NE","6.4","91.5","0.6","4.1","22.3","0.2","0.1","15.6"
"Tez Johnson","TB","6.7","77.6","0.6","4.4","23.3","0.2","0.1","14.8"
"Jimmy Horn Jr.","CAR","6.6","76.6","0.4","6.2","36.8","0.2","0.1","14.8"
"Mitch Tinsley","CIN","6.6","84.1","0.8","0.0","0.0","0.0","0.1","12.9"
"Jalen Royals","KC","6.8","78.0","0.6","0.0","0.0","0.0","0.1","11.4"
"Greg Dortch","DET","4.1","39.8","0.3","4.6","24.0","0.4","0.1","10.0"
"Malik Benson","LV","6.4","79.3","0.3","0.0","0.0","0.0","0.1","9.3"
"Anthony Gould","IND","7.0","74.5","0.3","0.0","0.0","0.0","0.1","9.3"
"Bo Melton","GB","2.9","37.5","0.3","4.5","26.0","0.1","0.1","8.6"
"Malachi Corley","CLE","1.7","16.5","0.1","6.4","43.8","0.2","0.1","7.4"
"Tyrell Shavers","BUF","4.0","52.2","0.3","0.0","0.0","0.0","0.0","6.9"
"Derius Davis","LAC","3.5","37.9","0.3","2.1","11.0","0.1","0.1","6.7"
"Xavier Smith","LAR","3.6","44.4","0.3","0.0","0.0","0.0","0.0","6.3"
"Ben Skowronek","PIT","5.4","51.0","0.2","0.0","0.0","0.0","0.0","6.3"
"CJ Daniels","LAR","3.4","42.8","0.3","0.0","0.0","0.0","0.0","6.3"
"Isaiah Williams","NYJ","3.8","35.8","0.1","2.2","12.7","0.1","0.1","6.2"
"Colbie Young","CIN","3.5","43.2","0.3","0.0","0.0","0.0","0.0","6.2"
"Jonathan Mingo","DAL","2.9","40.6","0.3","0.0","0.0","0.0","0.0","5.5"
"Justin Watson","HOU","3.1","41.6","0.2","0.0","0.0","0.0","0.0","5.4"
"Darius Cooper","PHI","3.3","37.7","0.3","0.0","0.0","0.0","0.0","5.2"
"Barion Brown","NO","3.3","39.9","0.2","0.0","0.0","0.0","0.0","5.1"
"Tai Felton","MIN","3.7","37.1","0.2","0.0","0.0","0.0","0.0","5.1"
"Laquon Treadwell","IND","3.5","36.9","0.2","0.0","0.0","0.0","0.0","4.7"
"Reggie Virgil","ARI","3.4","39.3","0.1","0.0","0.0","0.0","0.0","4.7"
"Brycen Tremayne","CAR","3.3","36.5","0.2","0.0","0.0","0.0","0.0","4.6"
"Kaden Wetjen","PIT","1.6","18.8","0.1","2.1","11.7","0.1","0.0","4.0"
"Arian Smith","NYJ","0.0","0.0","0.0","4.3","23.7","0.2","0.0","3.4"
"Kameron Johnson","TB","0.0","0.0","0.0","2.2","12.1","0.1","0.0","1.8"
"JuJu Smith-Schuster","NYG","0.7","6.4","0.0","0.0","0.0","0.0","0.0","0.9"
"David Moore","CAR","0.0","0.0","0.0","0.0","0.0","0.0","0.0","0.0"
"Braxton Berrios","NYG","0.0","0.0","0.0","0.0","0.0","0.0","0.0","0.0"
"Devin Duvernay","ARI","0.0","0.0","0.0","0.0","0.0","0.0","0.0","0.0"
"Mason Kinsey","TEN","0.0","0.0","0.0","0.0","0.0","0.0","0.0","0.0"
"Michael Bandy","DEN","0.0","0.0","0.0","0.0","0.0","0.0","0.0","0.0"
"Skyy Moore","GB","0.0","0.0","0.0","0.0","0.0","0.0","0.0","0.0"
"Britain Covey","PHI","0.0","0.0","0.0","0.0","0.0","0.0","0.0","0.0"
"Dareke Young","LV","0.0","0.0","0.0","0.0","0.0","0.0","0.0","0.0"
"Jacob Cowing","SF","0.0","0.0","0.0","0.0","0.0","0.0","0.0","0.0"
"Charlie Jones","CIN","0.0","0.0","0.0","0.0","0.0","0.0","0.0","0.0"
"Jalen Brooks","ARI","0.0","0.0","0.0","0.0","0.0","0.0","0.0","0.0"
"Nikko Remigio","KC","0.0","0.0","0.0","0.0","0.0","0.0","0.0","0.0"
"Jeshaun Jones","MIN","0.0","0.0","0.0","0.0","0.0","0.0","0.0","0.0"
"Mason Tipton","NO","0.0","0.0","0.0","0.0","0.0","0.0","0.0","0.0"
"Efton Chism III","NE","0.0","0.0","0.0","0.0","0.0","0.0","0.0","0.0"
"LaJohntay Wester","BAL","0.0","0.0","0.0","0.0","0.0","0.0","0.0","0.0"
"Ke'Shawn Williams","CIN","0.0","0.0","0.0","0.0","0.0","0.0","0.0","0.0"
"Myles Price","MIN","0.0","0.0","0.0","0.0","0.0","0.0","0.0","0.0"
"Gage Larvadain","CLE","0.0","0.0","0.0","0.0","0.0","0.0","0.0","0.0"
"Josh Cameron","JAC","0.0","0.0","0.0","0.0","0.0","0.0","0.0","0.0"
""
""