RK,Player,TM,BYE,PASS ATT,COMP,PASS YARDS,PASS TD,INT,RUSH ATT,RUSH YARDS,RUSH TD,FPS,AUC$,,RK,Player,TM,BYE,RUSH ATT,RUSH YARDS,RUSH TD,TGTS,REC,RECV YARDS,RECV TD,FPS,AUC$,,RK,Player,TM,BYE,RUSH YARDS,RUSH TD,TGTS,REC,RECV YARDS,RECV TD,FPS,AUC$,,RK,Player,TM,BYE,TGTS,REC,RECV YARDS,RECV TD,FPS,AUC$,AUC Calc
1,Josh Allen,BUF,7,516,346,4002,27,11,106,538,12,371.0,$26,,1,Jahmyr Gibbs,DET,6,260,1280,14,94,73,575,4,324.2,$40,,1,Jaxon Smith-Njigba,SEA,11,30,0,166,120,1773,10,300.2,$48,,1,Colston Loveland,CHI,10,123,84,1013,8,193.5,$27,$27
2,Drake Maye,NE,11,545,383,4413,30,12,87,417,4,336.0,$18,,2,Bijan Robinson,ATL,11,265,1287,10,102,76,738,4,322.9,$40,,2,Ja'Marr Chase,CIN,6,15,0,189,131,1621,12,298.9,$48,,2,Brock Bowers,LV,13,137,95,1017,7,189.2,$26,$26
3,Lamar Jackson,BAL,13,456,295,3654,28,9,128,723,4,332.2,$16,,3,Christian McCaffrey,SF,8,255,1025,9,101,83,752,5,305.3,$37,,3,Puka Nacua,LAR,11,81,1,173,123,1601,9,288.9,$46,,3,Trey McBride,ARI,14,140,98,973,6,183.7,$24,$24
4,Joe Burrow,CIN,6,613,420,4517,36,11,37,131,1,322.6,$12,,4,Jonathan Taylor,IND,13,303,1453,13,57,44,331,1,287.8,$33,,4,Amon-Ra St. Brown,DET,6,11,0,173,121,1424,10,263.2,$40,,4,Tyler Warren,IND,13,119,87,903,6,168.3,$21,$21
5,Jalen Hurts,PHI,10,480,315,3538,25,8,109,444,9,322.4,$9,,5,James Cook,BUF,7,275,1357,10,44,33,269,2,250.4,$26,,5,George Pickens,DAL,14,0,0,139,92,1343,9,232.5,$33,,5,Sam LaPorta,DET,6,102,75,826,6,155.9,$18,$18
6,Jayden Daniels,WSH,7,483,319,3519,22,9,130,734,5,314.1,$7,,6,De'Von Achane,MIA,6,251,1194,6,79,62,452,3,249.4,$26,,6,Drake London,ATL,11,0,0,158,101,1317,8,228.9,$32,,6,George Kittle,SF,8,87,68,796,7,155.1,$18,$18
7,Brock Purdy,SF,8,537,361,4298,30,15,64,276,4,310.7,$6,,7,Chase Brown,CIN,6,231,1011,7,85,71,491,4,248.7,$26,,7,Justin Jefferson,MIN,6,0,0,153,101,1264,8,223.2,$31,,7,Harold Fannin,CLE,11,119,78,823,5,154.0,$17,$17
8,Dak Prescott,DAL,14,603,406,4543,31,12,46,169,2,309.0,$5,,8,Derrick Henry,BAL,13,282,1413,11,26,18,177,1,240.8,$25,,8,CeeDee Lamb,DAL,14,0,0,154,98,1312,7,223.2,$31,,8,Tucker Kraft,GB,11,92,66,816,6,153.1,$17,$17
9,Caleb Williams,CHI,10,564,343,4087,28,8,68,347,3,308.9,$4,,9,Saquon Barkley,PHI,10,309,1321,9,44,30,221,2,234.0,$23,,9,A.J. Brown,NE,11,0,0,134,85,1244,9,221.0,$30,,9,Isaiah Likely,NYG,8,99,72,787,6,148.9,$16,$16
10,Jaxson Dart,NYG,8,479,309,3355,22,8,99,557,8,308.2,$4,,10,Omarion Hampton,LAC,7,246,1059,9,60,51,355,2,233.1,$23,,10,Nico Collins,HOU,8,0,0,144,86,1273,7,212.5,$28,,10,Travis Kelce,KC,5,107,74,782,5,147.7,$16,$16
11,Trevor Lawrence,JAX,7,565,349,3994,26,13,75,337,6,307.9,$4,,11,Ashton Jeanty,LV,13,276,1145,8,71,50,352,2,233.1,$23,,11,Tee Higgins,CIN,6,0,0,128,81,1082,10,210.3,$28,,11,Kyle Pitts,ATL,11,108,74,807,4,141.2,$15,$15
12,Patrick Mahomes,KC,5,568,369,4052,30,12,56,327,3,307.6,$4,,12,Kenneth Walker,KC,5,264,1131,9,50,38,306,2,229.6,$23,,12,Tetairoa McMillan,CAR,5,0,0,149,85,1213,7,207.9,$27,,12,Dalton Kincaid,BUF,7,89,61,742,5,137.5,$14,$14
13,Bo Nix,DEN,10,571,370,3914,26,11,82,353,4,299.7,$2,,13,Javonte Williams,DAL,14,262,1195,10,53,38,191,2,227.2,$22,,13,Zay Flowers,BAL,13,56,0,123,82,1157,7,204.8,$26,,13,Jake Ferguson,DAL,14,100,75,607,6,135.5,$13,$13
14,Jared Goff,DET,6,585,403,4643,32,11,19,39,0,299.5,$1,,14,Cam Skattebo,NYG,8,255,1084,8,55,40,308,2,223.8,$22,,14,Jaylen Waddle,DEN,10,12,0,134,89,1132,7,200.8,$25,,14,Mark Andrews,BAL,13,84,56,601,7,128.8,$12,$12
15,Matthew Stafford,LAR,11,571,372,4323,35,10,24,32,1,298.5,$1,,15,Kyren Williams,LAR,11,244,1119,11,40,28,210,2,222.3,$21,,15,Terry McLaurin,WSH,7,0,0,125,83,1124,8,200.4,$25,,15,Hunter Henry,NE,11,84,58,674,5,128.2,$12,$12
16,Justin Herbert,LAC,7,532,352,4029,26,10,72,384,2,297.3,$0,,16,Breece Hall,NYJ,13,228,1013,6,63,50,439,2,219.7,$21,,16,DeVonta Smith,PHI,10,0,0,126,86,1107,7,198.1,$25,,16,T.J. Hockenson,MIN,6,96,70,617,4,122.3,$10,$10
17,Kyler Murray,MIN,6,514,350,3673,23,10,78,467,4,286.5,$0,,17,Josh Jacobs,GB,11,244,993,11,46,35,264,1,219.0,$21,,17,Rashee Rice,KC,5,27,0,129,88,976,8,197.1,$25,,17,Chig Okonkwo,WSH,7,87,62,650,4,122.0,$10,$10
18,Baker Mayfield,TB,10,552,360,3995,27,13,54,329,1,281.6,$0,,18,Jeremiyah Love,ARI,14,225,1007,6,68,53,395,2,214.7,$20,,18,Ladd McConkey,LAC,7,0,0,127,84,1120,7,194.8,$24,,18,Dalton Schultz,HOU,8,92,68,643,4,120.5,$10,$10
19,Malik Willis,MIA,6,487,322,3470,18,10,109,599,5,278.5,$0,,19,Travis Etienne,NO,8,259,1100,7,44,34,273,2,206.7,$18,,19,Chris Olave,NO,8,0,0,138,86,1074,7,193.1,$24,,19,Dallas Goedert,PHI,10,79,55,559,5,114.1,$8,$8
20,Jordan Love,GB,11,524,341,4037,27,10,45,193,1,275.8,$0,,20,David Montgomery,HOU,8,256,1098,9,35,27,193,1,200.9,$17,,20,Luther Burden,CHI,10,49,0,130,81,1061,6,192.1,$23,,20,Greg Dulcich,MIA,6,80,54,625,3,110.7,$8,$8
21,Tyler Shough,NO,8,503,333,3631,22,10,76,312,4,268.6,$0,,21,TreVeyon Henderson,NE,11,176,824,7,57,45,338,2,190.7,$15,,21,Mike Evans,SF,8,0,0,125,74,1045,8,191.7,$23,,21,Pat Freiermuth,PIT,9,80,55,563,4,109.1,$7,$7
22,C.J. Stroud,HOU,8,579,371,4148,24,12,53,225,1,268.5,$0,,22,Rhamondre Stevenson,NE,11,160,717,7,53,44,389,2,189.1,$15,,22,Davante Adams,LAR,11,0,0,127,69,908,11,189.8,$23,,22,Brenton Strange,JAX,7,78,51,558,4,103.4,$6,$6
23,Daniel Jones,IND,13,480,319,3479,21,11,72,285,5,262.2,$0,,23,Quinshon Judkins,CLE,11,277,1136,8,29,20,140,1,189.0,$15,,23,Garrett Wilson,NYJ,13,0,0,147,95,1089,5,189.1,$23,,23,Juwan Johnson,NO,8,76,52,568,3,100.8,$5,$5
24,Sam Darnold,SEA,11,505,336,4135,27,13,35,110,1,261.6,$0,,24,Jadarian Price,SEA,11,240,1011,8,29,21,167,1,183.8,$14,,24,Emeka Egbuka,TB,10,0,0,129,72,1063,8,187.7,$22,,24,Terrance Ferguson,LAR,11,62,42,506,5,99.5,$5,$5
25,Cam Ward,TEN,9,549,348,3775,23,9,50,212,3,261.6,$0,,25,Kenneth Gainwell,TB,10,175,755,6,57,49,355,2,181.8,$14,,25,Carnell Tate,TEN,9,0,0,131,81,1075,6,186.7,$22,,25,Oronde Gadsden,LAC,7,65,46,531,4,97.8,$5,$5
26,Bryce Young,CAR,5,522,333,3466,23,12,52,244,2,245.7,$0,,26,Tony Pollard,TEN,9,231,1008,6,43,32,218,1,181.1,$14,,26,DJ Moore,BUF,7,26,0,118,77,994,7,185.9,$22,,26,Cade Otton,TB,10,73,49,470,3,87.9,$2,$2
27,Jacoby Brissett,ARI,14,511,328,3422,23,8,44,209,1,238.0,$0,,27,D'Andre Swift,CHI,10,192,860,7,46,34,282,1,180.0,$14,,27,Jameson Williams,DET,6,38,0,105,66,1080,6,184.0,$22,,27,Mike Gesicki,CIN,6,61,42,435,4,87.6,$2,$2
28,Aaron Rodgers,PIT,9,551,353,3667,23,10,20,65,1,229.9,$0,,28,Chuba Hubbard,CAR,5,200,829,5,56,42,269,2,173.7,$12,,28,Christian Watson,GB,11,11,0,109,64,1033,7,180.5,$21,,28,Kenyon Sadiq,NYJ,13,65,47,454,3,86.8,$2,$2
29,Tua Tagovailoa,ATL,11,521,348,3842,21,13,12,32,0,215.2,$0,,29,Bhayshul Tuten,JAX,7,182,752,6,50,36,278,2,171.4,$12,,29,Rome Odunze,CHI,10,0,0,129,66,982,7,174.0,$19,,29,AJ Barner,SEA,11,60,41,416,4,84.5,$2,$2
30,Geno Smith,NYJ,13,516,353,3634,20,15,42,141,1,214.1,$0,,30,Bucky Irving,TB,10,169,676,4,54,47,393,3,171.2,$12,,30,Alec Pierce,IND,13,0,0,117,63,1045,6,172.6,$19,,30,Gunnar Helm,TEN,9,62,44,378,3,77.9,$0,$0
31,Kirk Cousins,LV,13,361,231,2421,13,9,2,3,0,132.5,$0,,31,Rico Dowdle,PIT,9,213,926,6,33,26,197,1,168.6,$11,,31,Parker Washington,JAX,7,23,0,117,73,955,6,172.1,$19,,31,David Njoku,LAC,7,54,39,407,3,77.2,$0,$0
32,Shedeur Sanders,CLE,11,252,149,1653,9,9,31,216,1,114.6,$0,,32,RJ Harvey,DEN,10,142,577,5,60,48,339,3,166.1,$11,,32,Courtland Sutton,DEN,10,0,0,123,70,931,7,170.4,$18,,32,Evan Engram,DEN,10,62,42,375,2,71.1,$0,$0
33,Deshaun Watson,CLE,11,242,147,1612,9,6,33,145,1,109.1,$0,,33,Jaylen Warren,PIT,9,182,803,5,50,40,295,1,165.5,$11,,33,Makai Lemon,PHI,10,26,0,109,74,918,6,169.4,$18,,33,Mason Taylor,NYJ,13,51,39,326,2,64.6,$0,$0
34,Fernando Mendoza,LV,13,194,121,1332,8,5,39,176,2,102.1,$0,,34,Kyle Monangai,CHI,10,176,759,7,31,22,166,1,147.6,$8,,34,Jordan Addison,MIN,6,36,0,113,72,936,6,168.5,$18,,34,Darnell Washington,PIT,9,44,31,340,2,63.3,$0,$0
35,Michael Penix,ATL,11,58,35,410,2,1,17,60,1,33.6,$0,,35,Jordan Mason,MIN,6,175,796,7,13,10,61,0,132.3,$5,,35,Marvin Harrison,ARI,14,0,0,127,70,957,6,167.7,$18,,35,Dawson Knox,BUF,7,40,28,313,3,61.5,$0,$0
36,Anthony Richardson,IND,13,27,15,196,1,0,23,119,1,30.7,$0,,36,Blake Corum,LAR,11,156,744,7,21,13,81,1,132.2,$5,,36,Jordyn Tyson,NO,8,0,0,115,71,918,6,163.7,$17,,36,Colby Parkinson,LAR,11,40,29,277,3,61.1,$0,$0
37,Justin Fields,KC,5,30,19,188,1,0,6,33,0,16.0,$0,,37,Aaron Jones,MIN,6,155,643,4,40,30,216,1,130.9,$5,,37,DK Metcalf,PIT,9,0,0,121,66,935,6,162.9,$17,,37,Ja'Tavion Sanders,CAR,5,43,32,255,2,53.2,$0,$0
38,Marcus Mariota,WSH,7,25,17,192,1,1,5,32,0,15.3,$0,,38,Emanuel Wilson,SEA,11,150,647,5,25,19,155,1,127.2,$4,,38,Michael Pittman,PIT,9,0,0,133,85,861,5,161.4,$16,,38,Noah Gray,KC,5,37,26,252,2,49.4,$0,$0
39,Tyler Huntley,BAL,13,24,17,177,1,0,5,24,0,13.8,$0,,39,Rachaad White,WSH,7,108,458,3,51,41,283,2,124.0,$3,,39,Quentin Johnston,LAC,7,0,0,105,59,850,7,159.2,$16,,39,Cole Kmet,CHI,10,35,23,252,2,47.6,$0,$0
40,J.J. McCarthy,MIN,6,27,16,195,1,1,2,10,0,12.9,$0,,40,Jacory Croskey-Merritt,WSH,7,151,682,6,20,15,109,0,123.7,$3,,40,Ricky Pearsall,SF,8,14,0,100,64,936,4,153.6,$15,,40,Michael Mayer,LV,13,37,25,245,2,46.3,$0,$0
41,Joe Flacco,CIN,6,32,20,206,1,1,0,0,0,12.7,$0,,41,Chris Rodriguez,JAX,7,163,711,6,15,10,69,0,122.0,$3,,41,Wan'Dale Robinson,TEN,9,24,0,115,76,827,5,152.1,$14,,41,Tommy Tremble,CAR,5,33,24,192,2,41.6,$0,$0
42,Brady Cook,NYJ,13,34,20,203,1,1,2,6,0,11.2,$0,,42,J.K. Dobbins,DEN,10,154,736,5,22,15,74,1,120.3,$3,,42,Jayden Reed,GB,11,104,1,89,61,747,5,149.0,$13,,42,Elijah Arroyo,SEA,11,32,20,217,2,41.6,$0,$0
43,Jameis Winston,NYG,8,25,15,195,1,1,0,1,0,11.1,$0,,43,Jonathon Brooks,CAR,5,139,590,3,40,29,210,1,119.8,$2,,43,Josh Downs,IND,13,10,0,111,79,781,5,148.8,$13,,43,Theo Johnson,NYG,8,31,20,217,2,41.0,$0,$0
44,Kenny Pickett,CAR,5,27,17,170,1,1,1,3,0,10.2,$0,,44,Isiah Pacheco,DET,6,127,530,5,22,14,96,1,106.4,$0,,44,Malik Nabers,NYG,8,0,0,106,63,836,5,147.1,$13,,44,Austin Hooper,ATL,11,25,20,210,1,37.4,$0,$0
45,Will Howard,PIT,9,29,18,200,1,1,0,0,0,10.1,$0,,45,Alvin Kamara,NO,8,122,477,2,40,30,209,1,104.0,$0,,45,Brian Thomas,JAX,7,0,0,104,57,848,6,146.3,$13,,45,Max Klare,LAR,11,27,19,195,1,35.8,$0,$0
46,Carson Beck,ARI,14,45,28,289,0,1,2,6,0,9.9,$0,,46,Braelon Allen,NYJ,13,118,507,4,17,13,100,0,93.6,$0,,46,Jakobi Meyers,JAX,7,11,0,109,69,785,5,145.7,$13,,46,Eli Raridon,NE,11,26,19,189,1,35.2,$0,$0
47,Cade Klubnik,NYJ,13,23,13,135,1,1,2,8,0,8.3,$0,,47,Justice Hill,BAL,13,39,190,1,48,38,328,2,92.6,$0,,47,Jayden Higgins,HOU,8,0,0,106,64,800,5,144.7,$12,,47,Justin Joly,DEN,10,27,20,162,1,32.4,$0,$0
48,Tyson Bagent,CHI,10,12,8,96,1,0,5,17,0,7.9,$0,,48,Dylan Sampson,CLE,11,100,377,2,38,29,221,1,91.1,$0,,48,Chris Godwin,TB,10,0,0,106,70,777,5,144.6,$12,,48,Jake Tonges,SF,8,23,16,159,1,32.2,$0,$0
49,Spencer Rattler,NO,8,16,10,100,1,0,2,14,0,7.6,$0,,49,Tyrone Tracy,NYG,8,109,449,3,22,18,128,1,90.4,$0,,49,Xavier Worthy,KC,5,55,0,98,57,737,5,142.0,$12,,49,Eli Stowers,PHI,10,23,16,168,1,32.1,$0,$0
50,Teddy Bridgewater,DET,6,12,8,81,0,0,2,8,0,5.7,$0,,50,Woody Marks,HOU,8,103,396,3,32,22,166,1,89.1,$0,,50,Michael Wilson,ARI,14,0,0,107,63,769,5,137.0,$11,,50,Luke Musgrave,GB,11,21,16,158,1,29.8,$0,$0
51,Sam Howell,DAL,14,12,7,76,0,0,1,7,0,5.7,$0,,51,Samaje Perine,CIN,6,87,376,3,27,22,149,1,85.6,$0,,51,Romeo Doubs,NE,11,0,0,85,53,694,6,131.6,$9,,51,Mitchell Evans,CAR,5,23,17,138,1,29.5,$0,$0
52,Quinn Ewers,MIA,6,15,9,85,0,0,1,4,0,5.2,$0,,52,Brian Robinson,ATL,11,111,472,5,11,8,55,0,85.3,$0,,52,Omar Cooper,NYJ,13,9,0,105,62,725,4,131.1,$9,,52,Daniel Bellinger,TEN,9,23,15,146,1,27.8,$0,$0
53,Trey Lance,LAC,7,11,6,63,0,0,2,11,0,5.1,$0,,53,Tyler Allgeier,ARI,14,110,451,3,17,13,85,0,80.2,$0,,53,Jalen Coker,CAR,5,0,0,97,62,712,4,127.8,$9,,53,Drew Sample,CIN,6,22,17,130,1,27.2,$0,$0
54,Mitchell Trubisky,TEN,9,11,7,76,0,0,2,8,0,5.1,$0,,54,Ty Johnson,BUF,7,58,245,2,30,24,206,2,78.4,$0,,54,Khalil Shakir,BUF,7,0,0,90,64,706,4,125.3,$8,,54,Luke Schoonmaker,DAL,14,20,14,128,1,25.4,$0,$0
55,Gardner Minshew,ARI,14,11,7,75,0,0,1,5,0,4.8,$0,,55,Tyjae Spears,TEN,9,75,303,2,35,25,168,1,75.6,$0,,55,Matthew Golden,GB,11,25,0,85,54,677,4,121.8,$7,,55,Noah Fant,NO,8,18,14,126,1,23.6,$0,$0
56,Mac Jones,SF,8,11,7,83,1,0,0,0,0,4.7,$0,,56,Keaton Mitchell,LAC,7,84,371,2,22,15,112,0,73.3,$0,,56,Rashid Shaheed,SEA,11,81,0,79,44,615,4,119.4,$7,,56,Durham Smythe,BAL,13,16,12,110,1,23.2,$0,$0
57,Jake Browning,TB,10,11,8,80,1,0,0,0,0,4.5,$0,,57,Tank Bigsby,PHI,10,97,464,3,5,4,24,0,72.2,$0,,57,Jalen McMillan,TB,10,30,0,72,45,588,4,108.1,$4,,57,Will Kacmarek,MIA,6,17,12,120,1,21.9,$0,$0
58,Jarrett Stidham,DEN,10,12,7,74,0,0,0,0,0,4.2,$0,,58,Mike Washington,LV,13,108,440,2,8,5,36,0,64.4,$0,,58,Tyquan Thornton,KC,5,0,0,63,36,594,5,105.4,$3,,58,Josh Oliver,MIN,6,14,11,105,1,21.0,$0,$0
59,Tommy DeVito,NE,11,11,7,67,0,0,0,0,0,4.1,$0,,59,Kaytron Allen,WSH,7,88,379,3,7,5,37,0,62.7,$0,,59,Calvin Ridley,TEN,9,0,0,81,44,617,4,105.4,$3,,59,Elijah Higgins,ARI,14,16,11,108,1,20.5,$0,$0
60,Davis Mills,HOU,8,6,3,34,0,0,2,9,0,3.4,$0,,60,MarShawn Lloyd,GB,11,83,338,2,11,7,50,0,58.8,$0,,60,Antonio Williams,WSH,7,0,0,72,49,575,4,103.7,$3,,60,Adam Trautman,DEN,10,15,11,109,1,20.2,$0,$0
61,Jalen Milroe,SEA,11,10,6,65,0,0,0,0,0,3.4,$0,,61,Emari Demercado,KC,5,43,170,1,28,21,144,1,54.9,$0,,61,Jalen Nailor,LV,13,0,0,78,48,608,3,103.2,$3,,61,Tanner Koziol,JAX,7,17,11,106,1,19.7,$0,$0
62,Taylen Green,CLE,11,10,6,63,0,0,0,0,0,3.1,$0,,62,Emmett Johnson,KC,5,40,165,1,24,18,129,1,51.4,$0,,62,Adonai Mitchell,NYJ,13,0,0,74,46,593,3,101.9,$3,,62,Brock Wright,DET,6,15,10,85,1,18.2,$0,$0
63,Nick Mullens,JAX,7,6,4,40,0,0,0,0,0,2.2,$0,,63,Nicholas Singleton,TEN,9,71,303,2,8,6,37,0,50.9,$0,,63,Jack Bech,LV,13,0,0,81,52,569,3,101.3,$3,,63,Marlin Klein,HOU,8,14,10,93,1,18.0,$0,$0
64,Ty Simpson,LAR,11,6,3,37,0,0,0,0,0,2.2,$0,,64,Ray Davis,BUF,7,54,247,2,11,9,71,1,49.4,$0,,64,Andrei Iosivas,CIN,6,11,0,69,47,524,4,101.2,$3,,64,Ben Sinnott,WSH,7,14,10,93,1,17.8,$0,$0
65,Tyrod Taylor,GB,11,5,3,32,0,0,0,0,0,2.0,$0,,65,Jordan James,SF,8,60,244,2,13,11,74,0,49.3,$0,,65,Denzel Boston,CLE,11,0,0,84,44,598,3,100.1,$2,,65,Drew Ogletree,IND,13,13,9,98,0,17.2,$0,$0
66,Kyle Allen,BUF,7,5,3,32,0,0,0,0,0,1.9,$0,,66,Chris Brooks,GB,11,61,252,2,12,10,67,0,49.0,$0,,66,KC Concepcion,CLE,11,28,0,80,44,571,3,100.0,$2,,66,Charlie Kolar,LAC,7,12,8,88,1,16.3,$0,$0
67,Tanner McKee,PHI,10,5,3,33,0,0,0,0,0,1.9,$0,,67,Ollie Gordon,MIA,6,82,322,2,5,4,24,0,48.1,$0,,67,Jalen Tolbert,MIA,6,0,0,71,49,567,3,99.8,$2,,67,Oscar Delp,NO,8,10,8,70,0,13.8,$0,$0
68,Zach Wilson,NO,8,0,0,0,0,0,0,0,0,0.0,$0,,68,Jonah Coleman,DEN,10,55,241,2,10,7,51,0,47.6,$0,,68,Caleb Douglas,MIA,6,0,0,73,42,583,3,95.5,$1,,68,Julian Hill,NE,11,11,8,71,0,13.5,$0,$0
69,Drew Allar,PIT,9,0,0,0,0,0,0,0,0,0.0,$0,,69,Jaydon Blue,DAL,14,50,204,1,20,13,87,0,46.3,$0,,69,Jerry Jeudy,CLE,11,0,0,83,45,554,3,95.2,$1,,69,Ben Sims,MIA,6,12,7,66,0,12.3,$0,$0
70,,,,,,,,,,,,,$0,,70,Kaelon Black,SF,8,67,268,2,5,4,25,0,42.8,$0,,70,Tre Tucker,LV,13,68,0,71,41,483,3,92.4,$0,,70,Payne Durham,TB,10,10,6,64,0,11.5,$0,$0
71,,,,,,,,,,,,,$0,,71,Demond Claiborne,MIN,6,30,129,1,22,17,112,1,41.7,$0,,71,Germie Bernard,PIT,9,27,0,77,46,490,3,91.9,$0,,71,Mo Alie-Cox,IND,13,8,5,53,0,10.2,$0,$0
72,,,,,,,,,,,,,$0,,72,Sean Tucker,TB,10,62,247,2,2,1,9,0,39.2,$0,,72,Cooper Kupp,SEA,11,0,0,63,42,508,3,90.9,$0,,72,Nate Boerkircher,JAX,7,8,5,51,0,10.1,$0,$0
73,,,,,,,,,,,,,$0,,73,Kimani Vidal,LAC,7,45,191,1,12,9,69,0,39.1,$0,,73,Ryan Flournoy,DAL,14,0,0,55,42,473,4,90.3,$0,,73,Sam Roush,CHI,10,8,5,51,0,9.4,$0,$0
74,,,,,,,,,,,,,$0,,74,Malik Davis,DAL,14,46,206,2,6,4,25,0,35.6,$0,,74,Isaac TeSlaa,DET,6,0,0,49,33,452,5,88.8,$0,,74,Jeremy Ruckert,NYJ,13,8,5,44,0,9.0,$0,$0
75,,,,,,,,,,,,,$0,,75,Trey Benson,ARI,14,46,204,1,8,6,42,0,35.4,$0,,75,Rashod Bateman,BAL,13,0,0,53,33,480,4,88.2,$0,,75,Jared Wiley,KC,5,6,4,40,0,7.7,$0,$0
76,,,,,,,,,,,,,$0,,76,LeQuint Allen,JAX,7,22,88,1,18,13,88,0,30.6,$0,,76,Jauan Jennings,MIN,6,0,0,63,41,452,3,82.8,$0,,76,Foster Moreau,HOU,8,6,4,40,0,7.4,$0,$0
77,,,,,,,,,,,,,$0,,77,Jaylen Wright,MIA,6,34,138,1,10,7,57,0,28.5,$0,,77,Darnell Mooney,NYG,8,0,0,67,37,461,3,80.5,$0,,77,Charlie Woerner,ATL,11,6,4,36,0,6.9,$0,$0
78,,,,,,,,,,,,,$0,,78,Seth McGowan,IND,13,41,168,2,3,2,12,0,28.3,$0,,78,Malik Washington,MIA,6,49,0,64,43,410,2,80.3,$0,,78,Michael Trigg,DAL,14,6,4,34,0,5.4,$0,$0
79,,,,,,,,,,,,,$0,,79,Isaiah Davis,NYJ,13,30,129,1,8,6,52,0,27.6,$0,,79,Jaylin Noel,HOU,8,24,0,63,38,417,2,78.1,$0,,79,Joe Royer,CLE,11,5,3,27,0,5.3,$0,$0
,,,,,,,,,,,,,,,80,Rasheen Ali,BAL,13,42,157,1,2,2,15,0,25.0,$0,,80,Tank Dell,HOU,8,0,0,54,34,388,3,73.2,$0,,80,Tyler Conklin,DET,6,3,2,20,0,3.7,$0,$0
,,,,,,,,,,,,,,,81,Raheim Sanders,CLE,11,43,152,1,5,3,29,0,24.4,$0,,81,Zachariah Branch,ATL,11,15,0,60,33,400,2,72.2,$0,,81,Tip Reiman,ARI,14,3,2,16,0,3.2,$0,$0
,,,,,,,,,,,,,,,82,Zach Charbonnet,SEA,11,21,89,1,8,6,45,0,22.4,$0,,82,Nick Westbrook-Ikhine,IND,13,0,0,53,31,366,3,68.7,$0,,82,Thomas Fidone,NYG,8,2,2,16,0,2.9,$0,$0
,,,,,,,,,,,,,,,83,Kendre Miller,NO,8,27,108,1,5,4,31,0,19.7,$0,,83,Olamide Zaccheaus,ATL,11,0,0,55,36,360,2,64.9,$0,,83,Ben Yurosek,MIN,6,3,2,15,0,2.8,$0,$0
,,,,,,,,,,,,,,,84,DJ Giddens,IND,13,20,80,1,8,6,36,0,18.8,$0,,84,Elijah Sarratt,BAL,13,0,0,45,26,361,3,64.3,$0,,84,Grant Calcaterra,PHI,10,2,2,13,0,2.7,$0,$0
,,,,,,,,,,,,,,,85,Eli Heidenreich,PIT,9,12,53,0,9,7,46,1,18.5,$0,,85,KaVontae Turpin,DAL,14,86,0,34,24,303,2,64.3,$0,,85,Jack Stoll,CLE,11,2,2,11,0,2.4,$0,$0
,,,,,,,,,,,,,,,86,Jeremy McNichols,WSH,7,12,50,0,10,8,57,0,17.6,$0,,86,Troy Franklin,DEN,10,0,0,46,29,332,3,62.9,$0,,86,Josh Cuevas,BAL,13,5,0,0,0,0.0,$0,$0
,,,,,,,,,,,,,,,87,Adam Randall,BAL,13,21,89,0,5,4,29,0,17.5,$0,,87,Chris Brazzell,CAR,5,0,0,48,26,328,2,60.7,$0,,87,Jack Endries,CIN,6,6,0,0,0,0.0,$0,$0
,,,,,,,,,,,,,,,88,Devin Singletary,NYG,8,25,98,1,3,3,17,0,17.5,$0,,88,Darius Slayton,NYG,8,0,0,41,26,371,2,60.3,$0,,88,,,,,,,,,$0,$0
,,,,,,,,,,,,,,,89,Jacob Saylors,DET,6,19,78,1,3,2,11,0,15.7,$0,,89,Kayshon Boutte,NE,11,0,0,37,26,363,2,60.1,$0,,89,,,,,,,,,$0,$0
,,,,,,,,,,,,,,,90,Jawhar Jordan,HOU,8,18,75,0,6,4,25,0,15.3,$0,,90,Malachi Fields,NYG,8,0,0,43,26,338,2,60.1,$0,,90,,,,,,,,,$0,$0
,,,,,,,,,,,,,,,91,Tyler Goodson,ATL,11,23,85,1,3,2,12,0,15.3,$0,,91,Dont'e Thornton,LV,13,0,0,47,27,365,2,59.3,$0,,91,,,,,,,,,$0,$0
,,,,,,,,,,,,,,,92,Trevor Etienne,CAR,5,16,74,0,5,4,26,0,14.4,$0,,92,Ja'Kobi Lane,BAL,13,0,0,40,23,333,2,58.9,$0,,92,,,,,,,,,$0,$0
,,,,,,,,,,,,,,,93,Tahj Brooks,CIN,6,19,79,1,3,2,13,0,14.2,$0,,93,Isaiah Bond,CLE,11,76,0,36,22,274,1,56.4,$0,,93,,,,,,,,,$0,$0
,,,,,,,,,,,,,,,94,Jam Miller,NE,11,19,74,1,3,2,16,0,13.9,$0,,94,Tre' Harris,LAC,7,0,0,44,27,319,2,54.5,$0,,94,,,,,,,,,$0,$0
,,,,,,,,,,,,,,,95,James Conner,ARI,14,9,33,0,9,7,43,0,13.8,$0,,95,Kendrick Bourne,ARI,14,0,0,45,28,300,2,54.0,$0,,95,,,,,,,,,$0,$0
,,,,,,,,,,,,,,,96,Will Shipley,PHI,10,13,54,0,7,5,36,0,13.6,$0,,96,Chris Bell,MIA,6,0,0,41,24,320,2,53.0,$0,,96,,,,,,,,,$0,$0
,,,,,,,,,,,,,,,97,Roschon Johnson,CHI,10,16,65,1,3,2,11,0,12.1,$0,,97,Dontayvion Wicks,PHI,10,0,0,41,24,288,2,52.1,$0,,97,,,,,,,,,$0,$0
,,,,,,,,,,,,,,,98,AJ Dillon,CAR,5,17,72,0,3,2,12,0,12.1,$0,,98,Pat Bryant,DEN,10,0,0,44,25,297,2,51.4,$0,,98,,,,,,,,,$0,$0
,,,,,,,,,,,,,,,99,George Holani,SEA,11,12,45,0,5,4,28,0,12.1,$0,,99,Devaughn Vele,NO,8,0,0,38,25,293,2,51.3,$0,,99,,,,,,,,,$0,$0
,,,,,,,,,,,,,,,100,Brashard Smith,KC,5,9,34,0,6,4,31,0,11.3,$0,,100,Savion Williams,GB,11,53,0,38,23,211,2,50.3,$0,,100,,,,,,,,,$0,$0
,,,,,,,,,,,,,,,101,Kaleb Johnson,PIT,9,15,55,0,3,2,13,0,9.9,$0,,101,Dyami Brown,WSH,7,0,0,43,22,281,2,50.0,$0,,,,,,,,,,,,
,,,,,,,,,,,,,,,102,Phil Mafah,DAL,14,11,45,0,3,2,13,0,9.1,$0,,102,Keon Coleman,BUF,7,0,0,37,20,281,2,49.8,$0,,,,,,,,,,,,
,,,,,,,,,,,,,,,103,Jaleel McLaughlin,DEN,10,4,22,0,6,4,31,0,8.9,$0,,103,Ted Hurst,TB,10,0,0,34,21,262,2,47.6,$0,,,,,,,,,,,,
,,,,,,,,,,,,,,,104,Patrick Taylor,SF,8,9,34,0,4,3,19,0,8.7,$0,,104,Jahan Dotson,ATL,11,0,0,37,23,268,1,46.4,$0,,,,,,,,,,,,
,,,,,,,,,,,,,,,105,Jarquez Hunter,LAR,11,9,38,0,3,2,13,0,8.4,$0,,105,Travis Hunter,JAX,7,0,0,36,22,249,2,45.8,$0,,,,,,,,,,,,
,,,,,,,,,,,,,,,106,Devin Neal,NO,8,10,38,0,3,2,13,0,7.7,$0,,106,Xavier Legette,CAR,5,0,0,33,22,225,2,44.1,$0,,,,,,,,,,,,
,,,,,,,,,,,,,,,107,Dylan Laube,LV,13,6,22,0,5,4,24,0,7.7,$0,,107,Mack Hollins,NE,11,7,0,29,21,241,1,44.0,$0,,,,,,,,,,,,
,,,,,,,,,,,,,,,108,Pierre Strong,GB,11,6,24,0,5,0,0,0,3.3,$0,,108,De'Zhaun Stribling,SF,8,21,0,34,18,236,1,43.4,$0,,,,,,,,,,,,
,,,,,,,,,,,,,,,109,,,,,,,,,,,,$0,,109,Elic Ayomanor,TEN,9,0,0,30,18,240,2,42.3,$0,,,,,,,,,,,,
,,,,,,,,,,,,,,,110,,,,,,,,,,,,$0,,110,Kalif Raymond,CHI,10,15,0,36,20,225,1,41.7,$0,,,,,,,,,,,,
,,,,,,,,,,,,,,,111,,,,,,,,,,,,$0,,111,Devontez Walker,BAL,13,0,0,23,15,230,2,40.7,$0,,,,,,,,,,,,
,,,,,,,,,,,,,,,112,,,,,,,,,,,,$0,,112,DeMario Douglas,NE,11,0,0,25,18,232,1,40.4,$0,,,,,,,,,,,,
,,,,,,,,,,,,,,,113,,,,,,,,,,,,$0,,113,Tory Horton,SEA,11,0,0,31,17,213,2,39.7,$0,,,,,,,,,,,,
,,,,,,,,,,,,,,,114,,,,,,,,,,,,$0,,114,Konata Mumpfield,LAR,11,0,0,29,20,214,1,39.7,$0,,,,,,,,,,,,
,,,,,,,,,,,,,,,115,,,,,,,,,,,,$0,,115,Treylon Burks,WSH,7,0,0,29,18,230,1,39.5,$0,,,,,,,,,,,,
,,,,,,,,,,,,,,,116,,,,,,,,,,,,$0,,116,Christian Kirk,SF,8,0,0,29,19,219,1,39.0,$0,,,,,,,,,,,,
,,,,,,,,,,,,,,,117,,,,,,,,,,,,$0,,117,Joshua Palmer,BUF,7,0,0,24,16,229,1,37.0,$0,,,,,,,,,,,,
,,,,,,,,,,,,,,,118,,,,,,,,,,,,$0,,118,Jaylin Lane,WSH,7,30,0,26,13,175,1,33.9,$0,,,,,,,,,,,,
,,,,,,,,,,,,,,,119,,,,,,,,,,,,$0,,119,Marvin Mims,DEN,10,41,0,22,15,155,1,33.7,$0,,,,,,,,,,,,
,,,,,,,,,,,,,,,120,,,,,,,,,,,,$0,,120,Jalen Royals,KC,5,0,0,26,17,174,1,33.1,$0,,,,,,,,,,,,
,,,,,,,,,,,,,,,121,,,,,,,,,,,,$0,,121,Tutu Atwell,MIA,6,0,0,23,16,202,1,32.4,$0,,,,,,,,,,,,
,,,,,,,,,,,,,,,122,,,,,,,,,,,,$0,,122,Skyler Bell,BUF,7,0,0,20,13,161,1,28.4,$0,,,,,,,,,,,,
,,,,,,,,,,,,,,,123,,,,,,,,,,,,$0,,123,Hollywood Brown,PHI,10,0,0,24,13,149,1,27.4,$0,,,,,,,,,,,,
,,,,,,,,,,,,,,,124,,,,,,,,,,,,$0,,124,Brenen Thompson,LAC,7,0,0,19,12,153,1,26.7,$0,,,,,,,,,,,,
,,,,,,,,,,,,,,,125,,,,,,,,,,,,$0,,125,Greg Dortch,DET,6,18,0,16,11,106,1,22.3,$0,,,,,,,,,,,,
,,,,,,,,,,,,,,,126,,,,,,,,,,,,$0,,126,Kevin Coleman,MIA,6,0,0,18,11,127,1,21.2,$0,,,,,,,,,,,,
,,,,,,,,,,,,,,,127,,,,,,,,,,,,$0,,127,Deion Burks,IND,13,0,0,18,10,116,1,20.5,$0,,,,,,,,,,,,
,,,,,,,,,,,,,,,128,,,,,,,,,,,,$0,,128,Jordan Whittington,LAR,11,0,0,15,11,111,1,20.5,$0,,,,,,,,,,,,
,,,,,,,,,,,,,,,129,,,,,,,,,,,,$0,,129,Chimere Dike,TEN,9,18,0,14,9,86,1,20.0,$0,,,,,,,,,,,,
,,,,,,,,,,,,,,,130,,,,,,,,,,,,$0,,130,Xavier Hutchinson,HOU,8,0,0,14,9,110,1,19.5,$0,,,,,,,,,,,,
,,,,,,,,,,,,,,,131,,,,,,,,,,,,$0,,131,Bryce Lance,NO,8,0,0,15,9,107,1,18.5,$0,,,,,,,,,,,,
,,,,,,,,,,,,,,,132,,,,,,,,,,,,$0,,132,Mitchell Tinsley,CIN,6,0,0,13,8,95,1,18.1,$0,,,,,,,,,,,,
,,,,,,,,,,,,,,,133,,,,,,,,,,,,$0,,133,Tim Patrick,NYJ,13,0,0,14,9,99,1,18.0,$0,,,,,,,,,,,,
,,,,,,,,,,,,,,,134,,,,,,,,,,,,$0,,134,Luke McCaffrey,WSH,7,0,0,12,8,94,1,17.0,$0,,,,,,,,,,,,
,,,,,,,,,,,,,,,135,,,,,,,,,,,,$0,,135,Xavier Smith,LAR,11,0,0,11,7,102,0,16.7,$0,,,,,,,,,,,,
,,,,,,,,,,,,,,,136,,,,,,,,,,,,$0,,136,Ashton Dulin,IND,13,19,0,10,7,78,0,15.9,$0,,,,,,,,,,,,
,,,,,,,,,,,,,,,137,,,,,,,,,,,,$0,,137,Ben Skowronek,PIT,9,0,0,12,8,81,0,14.5,$0,,,,,,,,,,,,
,,,,,,,,,,,,,,,138,,,,,,,,,,,,$0,,138,Elijah Moore,PHI,10,0,0,12,7,75,1,14.1,$0,,,,,,,,,,,,
,,,,,,,,,,,,,,,139,,,,,,,,,,,,$0,,139,Zavion Thomas,CHI,10,0,0,11,7,66,1,13.4,$0,,,,,,,,,,,,
,,,,,,,,,,,,,,,140,,,,,,,,,,,,$0,,140,Dermarcus Robinson,SF,8,0,0,11,6,79,0,13.1,$0,,,,,,,,,,,,
,,,,,,,,,,,,,,,141,,,,,,,,,,,,$0,,141,KeAndre Lambert-Smith,LAC,7,0,0,11,6,70,0,12.7,$0,,,,,,,,,,,,
,,,,,,,,,,,,,,,142,,,,,,,,,,,,$0,,142,Calvin Austin,NYG,8,0,0,10,6,69,0,12.1,$0,,,,,,,,,,,,
,,,,,,,,,,,,,,,143,,,,,,,,,,,,$0,,143,Tez Johnson,TB,10,0,0,8,5,58,1,11.6,$0,,,,,,,,,,,,
,,,,,,,,,,,,,,,144,,,,,,,,,,,,$0,,144,Charlie Jones,CIN,6,0,0,9,6,59,0,11.1,$0,,,,,,,,,,,,
,,,,,,,,,,,,,,,145,,,,,,,,,,,,$0,,145,K.J. Osborn,TEN,9,0,0,8,5,56,0,10.3,$0,,,,,,,,,,,,
,,,,,,,,,,,,,,,146,,,,,,,,,,,,$0,,146,Cyrus Allen,KC,5,0,0,9,5,55,0,9.9,$0,,,,,,,,,,,,
,,,,,,,,,,,,,,,147,,,,,,,,,,,,$0,,147,Tai Felton,MIN,6,0,0,8,5,53,0,9.7,$0,,,,,,,,,,,,
,,,,,,,,,,,,,,,148,,,,,,,,,,,,$0,,148,Mecole Hardman,BUF,7,0,0,8,4,54,0,9.2,$0,,,,,,,,,,,,
,,,,,,,,,,,,,,,149,,,,,,,,,,,,$0,,149,Jimmy Horn,CAR,5,55,0,3,2,17,0,9.1,$0,,,,,,,,,,,,
,,,,,,,,,,,,,,,150,,,,,,,,,,,,$0,,150,Jonathan Mingo,DAL,14,0,0,6,4,45,0,8.7,$0,,,,,,,,,,,,
,,,,,,,,,,,,,,,151,,,,,,,,,,,,$0,,151,Cedric Tillman,CLE,11,0,0,7,4,51,0,8.7,$0,,,,,,,,,,,,
,,,,,,,,,,,,,,,152,,,,,,,,,,,,$0,,152,Beaux Collins,NYG,8,0,0,15,9,0,1,8.3,$0,,,,,,,,,,,,
,,,,,,,,,,,,,,,153,,,,,,,,,,,,$0,,153,Darius Cooper,PHI,10,0,0,7,4,43,0,8.0,$0,,,,,,,,,,,,
,,,,,,,,,,,,,,,154,,,,,,,,,,,,$0,,154,Cedrick Wilson,DET,6,0,0,6,4,47,0,8.0,$0,,,,,,,,,,,,
,,,,,,,,,,,,,,,155,,,,,,,,,,,,$0,,155,Bo Melton,GB,11,0,0,5,4,46,0,7.9,$0,,,,,,,,,,,,
,,,,,,,,,,,,,,,156,,,,,,,,,,,,$0,,156,Reggie Virgil,ARI,14,0,0,7,4,43,0,7.8,$0,,,,,,,,,,,,
,,,,,,,,,,,,,,,157,,,,,,,,,,,,$0,,157,Roman Wilson,PIT,9,0,0,6,4,45,0,7.8,$0,,,,,,,,,,,,
,,,,,,,,,,,,,,,158,,,,,,,,,,,,$0,,158,Marquez Valdes-Scantling,DAL,14,0,0,6,4,55,0,7.6,$0,,,,,,,,,,,,
,,,,,,,,,,,,,,,159,,,,,,,,,,,,$0,,159,Jahdae Walker,CHI,10,0,0,6,3,39,0,7.3,$0,,,,,,,,,,,,
,,,,,,,,,,,,,,,160,,,,,,,,,,,,$0,,160,John Metchie,CAR,5,0,0,5,4,38,0,7.2,$0,,,,,,,,,,,,
,,,,,,,,,,,,,,,161,,,,,,,,,,,,$0,,161,Jake Bobo,SEA,11,0,0,5,3,41,0,7.2,$0,,,,,,,,,,,,
,,,,,,,,,,,,,,,162,,,,,,,,,,,,$0,,162,Jordan Watkins,SF,8,0,0,5,3,40,0,6.7,$0,,,,,,,,,,,,
,,,,,,,,,,,,,,,163,,,,,,,,,,,,$0,,163,CJ Daniels,LAR,11,0,0,4,3,39,0,6.4,$0,,,,,,,,,,,,
,,,,,,,,,,,,,,,164,,,,,,,,,,,,$0,,164,Kameron Johnson,TB,10,0,0,6,3,36,0,6.4,$0,,,,,,,,,,,,
,,,,,,,,,,,,,,,165,,,,,,,,,,,,$0,,165,Justin Watson,HOU,8,0,0,6,4,32,0,6.3,$0,,,,,,,,,,,,
,,,,,,,,,,,,,,,166,,,,,,,,,,,,$0,,166,Isaiah Williams,NYJ,13,0,0,6,3,33,0,6.2,$0,,,,,,,,,,,,
,,,,,,,,,,,,,,,167,,,,,,,,,,,,$0,,167,Scotty Miller,CHI,10,0,0,6,3,33,0,6.1,$0,,,,,,,,,,,,
,,,,,,,,,,,,,,,168,,,,,,,,,,,,$0,,168,Jeshaun Jones,MIN,6,0,0,5,3,31,0,6.0,$0,,,,,,,,,,,,
,,,,,,,,,,,,,,,169,,,,,,,,,,,,$0,,169,Ja'Lynn Polk,NO,8,0,0,5,3,31,0,5.9,$0,,,,,,,,,,,,
,,,,,,,,,,,,,,,170,,,,,,,,,,,,$0,,170,CJ Williams,JAX,7,0,0,6,3,27,0,5.6,$0,,,,,,,,,,,,
,,,,,,,,,,,,,,,,,,,,,,,,,,,,,171,Dareke Young,LV,13,0,0,5,3,31,0,5.5,$0,,,,,,,,,,,,
,,,,,,,,,,,,,,,,,,,,,,,,,,,,,172,Devin Duvernay,ARI,14,0,0,6,3,29,0,5.5,$0,,,,,,,,,,,,
,,,,,,,,,,,,,,,,,,,,,,,,,,,,,173,Anthony Gould,IND,13,0,0,5,3,30,0,5.4,$0,,,,,,,,,,,,
,,,,,,,,,,,,,,,,,,,,,,,,,,,,,174,Tylan Wallace,CLE,11,0,0,5,3,28,0,5.1,$0,,,,,,,,,,,,
,,,,,,,,,,,,,,,,,,,,,,,,,,,,,175,Kyle Williams,NE,11,0,0,3,2,27,0,4.4,$0,,,,,,,,,,,,
,,,,,,,,,,,,,,,,,,,,,,,,,,,,,176,Casey Washington,ATL,11,0,0,3,2,22,0,3.8,$0,,,,,,,,,,,,
,,,,,,,,,,,,,,,,,,,,,,,,,,,,,177,Josh Cameron,JAX,7,0,0,3,2,19,0,3.5,$0,,,,,,,,,,,,
,,,,,,,,,,,,,,,,,,,,,,,,,,,,,178,Jeff Caldwell,KC,5,0,0,3,2,18,0,3.3,$0,,,,,,,,,,,,
,,,,,,,,,,,,,,,,,,,,,,,,,,,,,179,Derius Davis,LAC,7,0,0,3,2,17,0,3.2,$0,,,,,,,,,,,,
,,,,,,,,,,,,,,,,,,,,,,,,,,,,,180,Malik Benson,LV,13,0,0,3,2,19,0,3.2,$0,,,,,,,,,,,,
,,,,,,,,,,,,,,,,,,,,,,,,,,,,,181,Xavier Weaver,ARI,14,0,0,3,2,16,0,3.0,$0,,,,,,,,,,,,
,,,,,,,,,,,,,,,,,,,,,,,,,,,,,182,Arian Smith,NYJ,13,0,0,3,2,15,0,2.8,$0,,,,,,,,,,,,
,,,,,,,,,,,,,,,,,,,,,,,,,,,,,183,Mason Tipton,NO,8,0,0,3,2,14,0,2.8,$0,,,,,,,,,,,,
,,,,,,,,,,,,,,,,,,,,,,,,,,,,,184,Skyy Moore,GB,11,0,0,5,0,0,0,0.0,$0,,,,,,,,,,,,
,,,,,,,,,,,,,,,,,,,,,,,,,,,,,185,,,,,,,,,,,$0,,,,,,,,,,,,
,,,,,,,,,,,,,,,,,,,,,,,,,,,,,186,,,,,,,,,,,$0,,,,,,,,,,,,
,,,,,,,,,,,,,,,,,,,,,,,,,,,,,187,,,,,,,,,,,$0,,,,,,,,,,,,
,,,,,,,,,,,,,,,,,,,,,,,,,,,,,188,,,,,,,,,,,$0,,,,,,,,,,,,
,,,,,,,,,,,,,,,,,,,,,,,,,,,,,189,,,,,,,,,,,$0,,,,,,,,,,,,
,,,,,,,,,,,,,,,,,,,,,,,,,,,,,190,,,,,,,,,,,$0,,,,,,,,,,,,
,,,,,,,,,,,,,,,,,,,,,,,,,,,,,191,,,,,,,,,,,$0,,,,,,,,,,,,
,,,,,,,,,,,,,,,,,,,,,,,,,,,,,192,,,,,,,,,,,$0,,,,,,,,,,,,
,,,,,,,,,,,,,,,,,,,,,,,,,,,,,193,,,,,,,,,,,$0,,,,,,,,,,,,
,,,,,,,,,,,,,,,,,,,,,,,,,,,,,194,,,,,,,,,,,$0,,,,,,,,,,,,
,,,,,,,,,,,,,,,,,,,,,,,,,,,,,195,,,,,,,,,,,$0,,,,,,,,,,,,
,,,,,,,,,,,,,,,,,,,,,,,,,,,,,196,,,,,,,,,,,$0,,,,,,,,,,,,
,,,,,,,,,,,,,,,,,,,,,,,,,,,,,197,,,,,,,,,,,$0,,,,,,,,,,,,
,,,,,,,,,,,,,,,,,,,,,,,,,,,,,198,,,,,,,,,,,$0,,,,,,,,,,,,
,,,,,,,,,,,,,,,,,,,,,,,,,,,,,199,,,,,,,,,,,$0,,,,,,,,,,,,
,,,,,,,,,,,,,,,,,,,,,,,,,,,,,200,,,,,,,,,,,$0,,,,,,,,,,,,
,,,,,,,,,,,,,,,,,,,,,,,,,,,,,201,,,,,,,,,,,$0,,,,,,,,,,,,
,,,,,,,,,,,,,,,,,,,,,,,,,,,,,202,,,,,,,,,,,$0,,,,,,,,,,,,
,,,,,,,,,,,,,,,,,,,,,,,,,,,,,203,,,,,,,,,,,$0,,,,,,,,,,,,
,,,,,,,,,,,,,,,,,,,,,,,,,,,,,204,,,,,,,,,,,$0,,,,,,,,,,,,
,,,,,,,,,,,,,,,,,,,,,,,,,,,,,205,,,,,,,,,,,$0,,,,,,,,,,,,
,,,,,,,,,,,,,,,,,,,,,,,,,,,,,206,,,,,,,,,,,$0,,,,,,,,,,,,
,,,,,,,,,,,,,,,,,,,,,,,,,,,,,207,,,,,,,,,,,$0,,,,,,,,,,,,
,,,,,,,,,,,,,,,,,,,,,,,,,,,,,208,,,,,,,,,,,$0,,,,,,,,,,,,
,,,,,,,,,,,,,,,,,,,,,,,,,,,,,209,,,,,,,,,,,$0,,,,,,,,,,,,
,,,,,,,,,,,,,,,,,,,,,,,,,,,,,210,,,,,,,,,,,$0,,,,,,,,,,,,
,,,,,,,,,,,,,,,,,,,,,,,,,,,,,211,,,,,,,,,,,$0,,,,,,,,,,,,
,,,,,,,,,,,,,,,,,,,,,,,,,,,,,212,,,,,,,,,,,$0,,,,,,,,,,,,
,,,,,,,,,,,,,,,,,,,,,,,,,,,,,213,,,,,,,,,,,$0,,,,,,,,,,,,
,,,,,,,,,,,,,,,,,,,,,,,,,,,,,214,,,,,,,,,,,$0,,,,,,,,,,,,
,,,,,,,,,,,,,,,,,,,,,,,,,,,,,215,,,,,,,,,,,$0,,,,,,,,,,,,
,,,,,,,,,,,,,,,,,,,,,,,,,,,,,216,,,,,,,,,,,$0,,,,,,,,,,,,
,,,,,,,,,,,,,,,,,,,,,,,,,,,,,217,,,,,,,,,,,$0,,,,,,,,,,,,
,,,,,,,,,,,,,,,,,,,,,,,,,,,,,218,,,,,,,,,,,$0,,,,,,,,,,,,
,,,,,,,,,,,,,,,,,,,,,,,,,,,,,219,,,,,,,,,,,$0,,,,,,,,,,,,
,,,,,,,,,,,,,,,,,,,,,,,,,,,,,220,,,,,,,,,,,$0,,,,,,,,,,,,